-- --------------------------------------------------------
-- Host:                         127.0.0.1
-- Versione server:              10.4.32-MariaDB - mariadb.org binary distribution
-- S.O. server:                  Win64
-- HeidiSQL Versione:            12.7.0.6850
-- --------------------------------------------------------

/*!40101 SET @OLD_CHARACTER_SET_CLIENT=@@CHARACTER_SET_CLIENT */;
/*!40101 SET NAMES utf8 */;
/*!50503 SET NAMES utf8mb4 */;
/*!40103 SET @OLD_TIME_ZONE=@@TIME_ZONE */;
/*!40103 SET TIME_ZONE='+00:00' */;
/*!40014 SET @OLD_FOREIGN_KEY_CHECKS=@@FOREIGN_KEY_CHECKS, FOREIGN_KEY_CHECKS=0 */;
/*!40101 SET @OLD_SQL_MODE=@@SQL_MODE, SQL_MODE='NO_AUTO_VALUE_ON_ZERO' */;
/*!40111 SET @OLD_SQL_NOTES=@@SQL_NOTES, SQL_NOTES=0 */;


-- Dump della struttura del database network
DROP DATABASE IF EXISTS `network`;
CREATE DATABASE IF NOT EXISTS `network` /*!40100 DEFAULT CHARACTER SET latin1 COLLATE latin1_swedish_ci */;
USE `network`;

-- Dump della struttura di tabella network.altrasede
DROP TABLE IF EXISTS `altrasede`;
CREATE TABLE IF NOT EXISTS `altrasede` (
  `idsede` int(11) NOT NULL AUTO_INCREMENT,
  `email` varchar(50) DEFAULT NULL,
  `indirizzo` varchar(256) DEFAULT NULL,
  `cap` varchar(30) DEFAULT NULL,
  `citta` varchar(50) DEFAULT NULL,
  PRIMARY KEY (`idsede`) USING BTREE,
  KEY `FK_altresedi_azienda` (`email`),
  CONSTRAINT `FK_altresedi_azienda` FOREIGN KEY (`email`) REFERENCES `aziendaa` (`email`) ON DELETE NO ACTION ON UPDATE NO ACTION
) ENGINE=InnoDB AUTO_INCREMENT=7 DEFAULT CHARSET=latin1 COLLATE=latin1_swedish_ci;

-- Dump dei dati della tabella network.altrasede: ~3 rows (circa)
INSERT INTO `altrasede` (`idsede`, `email`, `indirizzo`, `cap`, `citta`) VALUES
	(4, 'aa@aa', 'via pippo 1', '22021', 'Bellagio'),
	(5, 'b@b', 'via plutoni 12', '22021', 'Bellagio'),
	(6, 'aa@aa', 'adasd', 'asda', 'sdasd');

-- Dump della struttura di tabella network.annuncio
DROP TABLE IF EXISTS `annuncio`;
CREATE TABLE IF NOT EXISTS `annuncio` (
  `id` int(11) NOT NULL AUTO_INCREMENT,
  `ruolo` varchar(100) NOT NULL,
  `contratto` enum('TI','TD','S','F','CDD') NOT NULL,
  `modalita` enum('S','I','R') NOT NULL,
  `retribuzione` double NOT NULL DEFAULT 0,
  `descrizione` text DEFAULT NULL,
  `email_azienda` varchar(50) NOT NULL,
  PRIMARY KEY (`id`),
  KEY `email_azienda` (`email_azienda`),
  CONSTRAINT `FK_annuncio_azienda` FOREIGN KEY (`email_azienda`) REFERENCES `azienda` (`email`) ON DELETE NO ACTION ON UPDATE NO ACTION
) ENGINE=InnoDB DEFAULT CHARSET=latin1 COLLATE=latin1_swedish_ci;

-- Dump dei dati della tabella network.annuncio: ~0 rows (circa)

-- Dump della struttura di tabella network.area
DROP TABLE IF EXISTS `area`;
CREATE TABLE IF NOT EXISTS `area` (
  `idarea` int(11) NOT NULL AUTO_INCREMENT,
  `descrizione` varchar(256) DEFAULT NULL,
  PRIMARY KEY (`idarea`)
) ENGINE=InnoDB AUTO_INCREMENT=5 DEFAULT CHARSET=latin1 COLLATE=latin1_swedish_ci COMMENT='Indica l''area in cui opera un''azienda';

-- Dump dei dati della tabella network.area: ~4 rows (circa)
INSERT INTO `area` (`idarea`, `descrizione`) VALUES
	(1, 'Informatica'),
	(2, 'Elettrotecnica'),
	(3, 'Meccanica'),
	(4, 'Altro');

-- Dump della struttura di tabella network.articolazione
DROP TABLE IF EXISTS `articolazione`;
CREATE TABLE IF NOT EXISTS `articolazione` (
  `idarticolazione` varchar(50) NOT NULL,
  `descrizione` varchar(100) DEFAULT NULL,
  PRIMARY KEY (`idarticolazione`)
) ENGINE=InnoDB DEFAULT CHARSET=latin1 COLLATE=latin1_swedish_ci;

-- Dump dei dati della tabella network.articolazione: ~8 rows (circa)
INSERT INTO `articolazione` (`idarticolazione`, `descrizione`) VALUES
	('AUT', 'Automazione'),
	('ELE', 'Elettrotecnica'),
	('ELS', 'Elettronica'),
	('INF', 'Informatica'),
	('LIC', 'Liceo Scientifico delle Scienze Applicate'),
	('MEC', 'Meccanica e Meccatronica'),
	('MEE', 'Energia'),
	('TEL', 'Telecomunicazioni');

-- Dump della struttura di tabella network.azienda
DROP TABLE IF EXISTS `azienda`;
CREATE TABLE IF NOT EXISTS `azienda` (
  `email` varchar(256) NOT NULL,
  `password` varchar(256) DEFAULT NULL,
  `ragionesociale` varchar(256) NOT NULL,
  `indirizzo` varchar(256) DEFAULT NULL,
  `telefono` varchar(256) DEFAULT NULL,
  `cognomereferente` varchar(255) DEFAULT NULL,
  `nomereferente` varchar(255) DEFAULT NULL,
  `telreferente` varchar(255) DEFAULT NULL,
  `emailreferente` varchar(255) DEFAULT NULL,
  `ultimoaccesso` date DEFAULT NULL,
  `idarea` int(11) DEFAULT NULL,
  `ruolo` varchar(255) DEFAULT NULL,
  `type` enum('W','A','R','V') NOT NULL DEFAULT 'W',
  `codice` varchar(6) DEFAULT NULL,
  PRIMARY KEY (`email`),
  KEY `idarea` (`idarea`)
) ENGINE=InnoDB DEFAULT CHARSET=latin1 COLLATE=latin1_swedish_ci;

-- Dump dei dati della tabella network.azienda: ~777 rows (circa)
INSERT INTO `azienda` (`email`, `password`, `ragionesociale`, `indirizzo`, `telefono`, `cognomereferente`, `nomereferente`, `telreferente`, `emailreferente`, `ultimoaccesso`, `idarea`, `ruolo`, `type`, `codice`) VALUES
	('2FaouziFatimaInformation TecnologiesVTI LierBE0448', NULL, 'VTI Lier', 'Kruisbogenhofstraat 7 ,  Lier  2500', '0032(0)34800162', NULL, NULL, NULL, NULL, NULL, 0, NULL, 'A', NULL),
	('44giorgio@gmail.com', NULL, 'Negri Giorgio Rettifica Motori', 'Via Roma 72, Malgrate 23864', '0341283164', NULL, NULL, NULL, NULL, NULL, 0, NULL, 'A', NULL),
	('811@gandini.it', NULL, 'GANDINI INDUSTRIA SRL', 'VIALE PIER PAOLO PASOLINI 83 83, SESTO SAN GIOVANN', '031672008', NULL, NULL, NULL, NULL, NULL, 0, NULL, 'A', NULL),
	('a.braguti@federfarma.lecco.it', NULL, 'FARMACIA S.FRANCESCO', 'VIALE TURATI 45 , LECCO 23900', '0341 361193', NULL, NULL, NULL, NULL, NULL, 0, NULL, 'A', NULL),
	('a.cappellini@oneoffsolution.it', NULL, 'ONE-OFF SOLUTION SRL', 'CORSO MARTIRI 28, LECCO 23900', '0362827420', NULL, NULL, NULL, NULL, NULL, 0, NULL, 'A', NULL),
	('a.crippa@sibsrl.it', NULL, 'SIB srl', 'VIA CORSICA 158 , DOLZAGO 23843', '0341 450437', NULL, NULL, NULL, NULL, NULL, 0, NULL, 'A', NULL),
	('a.mauri@grupporeco.eu', NULL, 'REMSA ITALIA srl', 'VIA RISORGIMENTO 12 , COSTA MASNAGA 23845', '031 856951', NULL, NULL, NULL, NULL, NULL, 0, NULL, 'A', NULL),
	('a.mazza.1900@gmail.com', NULL, 'AM CONSULTING di MAZZA ALESSANDRO', 'VIA ALLA ROVINATA 37 , LECCO 23900', '347 8588281', NULL, NULL, NULL, NULL, NULL, 0, NULL, 'A', NULL),
	('a.selva@tin.it', NULL, 'SELVA ANTONIO GEOMETRA', 'VIA ROMA 6 , CASARGO 23831', '3484406674', NULL, NULL, NULL, NULL, NULL, 0, NULL, 'A', NULL),
	('a.stefanoni90@gmail.com', NULL, 'CENTRO FISIOTERAPICO di STEFANONI ALESSIO', 'CORSO EMANUELE FILIBERTO 16 16, LECCO 23900', '339 5605263', NULL, NULL, NULL, NULL, NULL, 0, NULL, 'A', NULL),
	('abalossi@unicalce.it', NULL, 'UNICALCE SPA', 'VIA PONTI 18 , VAL BREMBILLA  24012', '0341 2571', NULL, NULL, NULL, NULL, NULL, 0, NULL, 'A', NULL),
	('abarini@atvspa.com', NULL, 'ATV SPA', 'VIA OMBRIANO 2, COLICO 23823', '0341 932111', NULL, NULL, NULL, NULL, NULL, 0, NULL, 'A', NULL),
	('academy@sharebot.it', NULL, 'SHAREBOT SRL', 'VIA MONTELLO 18 , NIBIONNO 23895', '031 692132', NULL, NULL, NULL, NULL, NULL, 0, NULL, 'A', NULL),
	('acc.office@novastilmec.it', NULL, 'NOVASTILMEC SPA', 'VIA COMO 11 , GARBAGNATE MONASTERO 23846', '031 879393', NULL, NULL, NULL, NULL, NULL, 0, NULL, 'A', NULL),
	('account@mechatronic.guru', NULL, 'MECHATRONIC SRL', 'VIA DON GIUSEPPE ALLAMANO 10 , CASTELLO BRIANZA 23', '039 9467871', NULL, NULL, NULL, NULL, NULL, 0, NULL, 'A', NULL),
	('adamoli.roberto@libero.it', NULL, 'TERMOCLIMA', 'VIA S. ANTONIO 15 , INTROBIO 23815', '0341 493261', NULL, NULL, NULL, NULL, NULL, 0, NULL, 'A', NULL),
	('adm@automazione.191.it', NULL, 'C.V.K. AUTOMAZIONE INDUSTRIALE SRL', 'VIA PIAVE 6 , CANZO 22035', '031 684320', NULL, NULL, NULL, NULL, NULL, 0, NULL, 'A', NULL),
	('ADMIN@DELLERAVITERIE.COM', NULL, 'DELL\'ERA ERMANNO E FIGLIO SRL', 'VIA SANTA VECCHIA 82 , VALMADRERA 23868', '0341 550247', NULL, NULL, NULL, NULL, NULL, 0, NULL, 'A', NULL),
	('admin@mebe.it', NULL, 'ME.BE. SRL', 'VIALE ALCIDE DE GASPERI 22 , CALOLZIOCORTE 23801', '0341 630741', NULL, NULL, NULL, NULL, NULL, 0, NULL, 'A', NULL),
	('admin@tbdm.it', NULL, 'TBDM', 'viale Giuseppe Verdi 55/A, Merate 23807', '0396367434', NULL, NULL, NULL, NULL, NULL, 0, NULL, 'A', NULL),
	('administration@lariotechnik.it', NULL, 'LARIOTECHNIK', 'VIA RAFFAELLO 4 , LECCO 23900', '0341 200390', NULL, NULL, NULL, NULL, NULL, 0, NULL, 'A', NULL),
	('affari.generali.legali@ats-brianza.it', NULL, 'AGENZIA DI TUTELA DELLA SALUTE (ATS) DELLA BRIANZA', 'VIALE ELVEZIA 2, MONZA 20900', '0341 482261', NULL, NULL, NULL, NULL, NULL, 0, NULL, 'A', NULL),
	('ago.mario@tiscali.it', NULL, 'IMPIANTISTICA AGOSTANI MARIO', 'VIA COLDIRONE 16/A , INTROBIO 23815', '338 8462569', NULL, NULL, NULL, NULL, NULL, 0, NULL, 'A', NULL),
	('alberto.campeggio@ceaweld.com', NULL, 'CEA COSTRUZIONI ELETTROMECCANICHE ANNETTONI SPA', 'CORSO EMANUELE FILIBERTO 27, lecco 23900', '034122322', NULL, NULL, NULL, NULL, NULL, 0, NULL, 'A', NULL),
	('alberto.neggia@omet.it', NULL, 'OMET SRL', 'VIA CADUTI LECCHESI A FOSSOLI 22, LECCO 23900', '0310741000', NULL, NULL, NULL, NULL, NULL, 0, NULL, 'A', NULL),
	('aldeghi@aldeghisrl.com', NULL, 'ALDEGHI SRL', 'VIA ROMA 45 , LECCO 23900', '035 4381123', NULL, NULL, NULL, NULL, NULL, 0, NULL, 'A', NULL),
	('aldogio.rossi@libero.it', NULL, 'ISTITUTO COMPRENSIVO STATALE DI MANDELLO', 'VIA RISORGIMENTO 33 , MANDELLO DEL LARIO 23826', '3772438342', NULL, NULL, NULL, NULL, NULL, 0, NULL, 'A', NULL),
	('alessandra.bonacina@elbeitalia.it', NULL, 'Elbe Italia S.r.l.', 'Via Onedo 10, Abbadia Lariana 23821', '0341739111', NULL, NULL, NULL, NULL, NULL, 0, NULL, 'A', NULL),
	('alessandra.invernizzi@biokosmes.it', NULL, 'BIOKOSMES SRL SOCIO UNICO', 'VIA BESANA 10 , MILANO 20122', '031 3581085', NULL, NULL, NULL, NULL, NULL, 0, NULL, 'A', NULL),
	('alessandro.conti@solda.net', NULL, 'SOLDA\' ADELIO SNC', 'VIA SAN MARTINO 13/D , ABBADIA LARIANA 23821', '0341 732228', NULL, NULL, NULL, NULL, NULL, 0, NULL, 'A', NULL),
	('alessandro@mtstudio.me', NULL, 'Universale srl', 'Corso martiri della liberazione 122, Lecco 23900', 'N/A', NULL, NULL, NULL, NULL, NULL, 0, NULL, 'A', NULL),
	('alessandro@rivaingstudio.it', NULL, 'ING. ALESSANDRO RIVA', 'VIA LECCO 14 , BALLABIO 23811', '0341 530862', NULL, NULL, NULL, NULL, NULL, 0, NULL, 'A', NULL),
	('alessio.manni@itineris.it', NULL, 'ITINERIS SRL', 'Corso Giacomo Matteotti 12/14, Lecco 23900', '03411653333', NULL, NULL, NULL, NULL, NULL, 0, NULL, 'A', NULL),
	('alice.fumagalli@dmediagroup.it', NULL, 'MEDIA (iN) SRL', 'VIA PAOLO REGIS 7, CHIVASSO 10034', 'N/A', NULL, NULL, NULL, NULL, NULL, 0, NULL, 'A', NULL),
	('alippi.roberto@email.it', NULL, 'ALIPPI ROBERTO', 'VIA ALLA GRIGNETTA 11 , ABBADIA LARIANA 23821', '0341 702101', NULL, NULL, NULL, NULL, NULL, 0, NULL, 'A', NULL),
	('alvaro.s@tiscali.it', NULL, 'ALVARO SALVATORE ROBERTO', 'VIA MOGGIO 5 , VERCURAGO 23808', '335 5920362', NULL, NULL, NULL, NULL, NULL, 0, NULL, 'A', NULL),
	('ambulatoriopescarenico@gmail.com', NULL, 'AMBULATORIO VETERINARIO PESCARENICO', 'VIA FRA GALDINO 11, LECCO 23900', '0341361443', NULL, NULL, NULL, NULL, NULL, 0, NULL, 'A', NULL),
	('AMM@BRIANTEL.COM', NULL, 'BRIANTEL SRL', 'VIA SAN MARTINO 9 , TREZZO SULL\'ADDA 20056', '039 9669920', NULL, NULL, NULL, NULL, NULL, 0, NULL, 'A', NULL),
	('amministra@stamperiabrenna.it', NULL, 'STAMPERIA BRENNA E C. s.r.l.', 'VIA S. AMBROGIO 30 , BOSISIO PARINI 23842', '031 865429', NULL, NULL, NULL, NULL, NULL, 0, NULL, 'A', NULL),
	('amministrativo@mossini.com', NULL, 'MOSSINI SPA', 'VIA ROMA 31 , PESCATE 23855', '0341 367397', NULL, NULL, NULL, NULL, NULL, 0, NULL, 'A', NULL),
	('amministrativo@officinelario.com', NULL, 'OFFICINE LARIO SRL', 'VIA PER VEZIO , PERLEDO 23828', '0341 830152', NULL, NULL, NULL, NULL, NULL, 0, NULL, 'A', NULL),
	('amministrazione.italia@salico.net', NULL, 'SALICO SPA', 'VIALE LOMBARDIA 10 , MOLTENO 23847', '031870598', NULL, NULL, NULL, NULL, NULL, 0, NULL, 'A', NULL),
	('amministrazione@3c-stampi.it', NULL, '3C SRL', 'VIA CAVOUR 19 , VEDUGGIO 20837', '0362 998707', NULL, NULL, NULL, NULL, NULL, 0, NULL, 'A', NULL),
	('amministrazione@abzsol.com', NULL, 'ABZ Soluzioni Informatiche SRL', 'VIALE PROMESSI SPOSI 76, VALMADRERA 23868', '0341 200665', NULL, NULL, NULL, NULL, NULL, 0, NULL, 'A', NULL),
	('amministrazione@adsphera.com', NULL, 'AD SPHERA GROUP SRL', 'Via Rugabella 1 Milano, Milano 20122', '0341286073', NULL, NULL, NULL, NULL, NULL, 0, NULL, 'A', NULL),
	('amministrazione@ambrogiosanelli.it', NULL, 'SANELLI AMBROGIO SAS', 'VIA ROMA 54 , PREMANA 23834', '0341 890132', NULL, NULL, NULL, NULL, NULL, 0, NULL, 'A', NULL),
	('amministrazione@annoniimpianti.it', NULL, 'IMPIANTI ELETTRICI ANNONI DELFINO SRL', 'VIA ROMA 11/C VIA ROMA 11/C, COSTA MASNAGA 23845', '031 855248', NULL, NULL, NULL, NULL, NULL, 0, NULL, 'A', NULL),
	('AMMINISTRAZIONE@BRIOMOULDS.COM', NULL, 'BRIO-MOUDLS SRL', 'VIA DELLA FOPPA 30 , OGGIONO 23848', '0341 210409', NULL, NULL, NULL, NULL, NULL, 0, NULL, 'A', NULL),
	('amministrazione@cabagaglio.it', NULL, 'CABAGAGLIO SPA', 'VIA DELL\'INDUSTRIA 17 , SIRONE 23844', '0341 494350', NULL, NULL, NULL, NULL, NULL, 0, NULL, 'A', NULL),
	('amministrazione@cefsrl.com', NULL, 'C. & F. SRL', 'VIA DON GIACINTO DELL\'ACQUA 2/C , BARZAGO 23890', '031 861707', NULL, NULL, NULL, NULL, NULL, 0, NULL, 'A', NULL),
	('amministrazione@cellecco.it', NULL, 'C.E.L. SRL', 'VIA MAZZUCCONI 32, LECCO 23900', '0341 250458', NULL, NULL, NULL, NULL, NULL, 0, NULL, 'A', NULL),
	('amministrazione@cesanagermano.com', NULL, 'CESANA GERMANO SRL', 'VIA DELL\' ELETTROCHIMICA 38 , LECCO 23900', '0341 423076', NULL, NULL, NULL, NULL, NULL, 0, NULL, 'A', NULL),
	('amministrazione@cmrbrianza.it', NULL, 'C.M.R. snc di MOTTA F & C', 'VIA PAPA GIOVANNI XXIII 47, BARZANO\' 23891', 'N/A', NULL, NULL, NULL, NULL, NULL, 0, NULL, 'A', NULL),
	('amministrazione@comas.com', NULL, 'COMAS SPA', 'VIA 1°MAGGIO 12 , MISSAGLIA 23873', '039 9201266', NULL, NULL, NULL, NULL, NULL, 0, NULL, 'A', NULL),
	('amministrazione@coplaimpiantielettrici.it', NULL, 'COPLA IMPIANTI SRL', 'LOCALITA\' SCEREGALLI 5, INTROBIO 23815', '0341 980361', NULL, NULL, NULL, NULL, NULL, 0, NULL, 'A', NULL),
	('AMMINISTRAZIONE@CORNAGGIA.COM', NULL, 'EREDI CORNAGGIA GIUSEPPE SNC', 'VIA SAN MARTINO 13B , ABBADIA LARIANA 23821', '0341 730071', NULL, NULL, NULL, NULL, NULL, 0, NULL, 'A', NULL),
	('amministrazione@ddlstampaggio.it', NULL, 'D.D.L. STAMPAGGIO SRL', 'VIA CASNEDI 78 , VALMADRERA 23868', '0341 202195', NULL, NULL, NULL, NULL, NULL, 0, NULL, 'A', NULL),
	('amministrazione@decasrl.biz', NULL, 'DECA SRL', 'VIA XXV APRILE 2 , MONTE MARENZO 23804', '0341 632080', NULL, NULL, NULL, NULL, NULL, 0, NULL, 'A', NULL),
	('amministrazione@ebmservicesrl.it', NULL, 'EBM SERVICE', 'VIA CRISTOFORO COLOMBO 63, VALGREGHENTINO 23857', '3474418644', NULL, NULL, NULL, NULL, NULL, 0, NULL, 'A', NULL),
	('amministrazione@elettrasystem.it', NULL, 'ELETTRA SYSTEM SRL', 'CORSO PROMESSI SPOSI 25F, LECCO 23900', '0341 255074', NULL, NULL, NULL, NULL, NULL, 0, NULL, 'A', NULL),
	('amministrazione@emvsrl.com', NULL, 'EMV SRL', 'VIA XXV APRILE 12 , ALBAVILLA 22031', '0341 1885491', NULL, NULL, NULL, NULL, NULL, 0, NULL, 'A', NULL),
	('amministrazione@eurocarbide.com', NULL, 'EUROCARBIDE SRL', 'VIA GAGGIO 63, MALGRATE 23864', '0341 583082', NULL, NULL, NULL, NULL, NULL, 0, NULL, 'A', NULL),
	('AMMINISTRAZIONE@FGASYSTEM.COM', NULL, 'FGA SRL', 'CORSO DI PORTA VITTORIA 17 , MILANO 20122', '0341 1767791', NULL, NULL, NULL, NULL, NULL, 0, NULL, 'A', NULL),
	('amministrazione@fimiautomation.it; elena.riva@fimi', NULL, 'FIMI AUTOMATION SRL', 'VIA DELL\'INDUSTRIA 15, VIGANO\' 23897', '039 9210352', NULL, NULL, NULL, NULL, NULL, 0, NULL, 'A', NULL),
	('amministrazione@franceschini.srl', NULL, 'FRANCESCHINI SRL', 'VIA XX SETTEMBRE 13 , VALMADRERA 23868', '0341 207081', NULL, NULL, NULL, NULL, NULL, 0, NULL, 'A', NULL),
	('amministrazione@friweb.co', NULL, 'FRI-WEB di Frigerio Gianni', 'VIA PARINI 6, OGGIONO 23848', '0341 579572', NULL, NULL, NULL, NULL, NULL, 0, NULL, 'A', NULL),
	('amministrazione@futurautomazioni.it', NULL, 'FUTURA di MORINI ALESSANDRO', 'VIA CARSO 19 , CASTELMARTE 22030', '031 622748', NULL, NULL, NULL, NULL, NULL, 0, NULL, 'A', NULL),
	('amministrazione@gianolaimpianti.com', NULL, 'IMPIANTI ELETTRICI ENRICO GIANOLA SAS', 'CORSO CARLO ALBERTO 122/C , LECCO 23900', '0341 367500', NULL, NULL, NULL, NULL, NULL, 0, NULL, 'A', NULL),
	('amministrazione@gilardifratelli.it', NULL, 'FRATELLI GILARDI SRL', 'VIA CONCORDIA 40 , OLGINATE 23854', '0341 605030', NULL, NULL, NULL, NULL, NULL, 0, NULL, 'A', NULL),
	('amministrazione@gmsistemi.net', NULL, 'GM SISTEMI SRL', 'VIALE PIAVE 35, MILANO 20129', '0341 252982', NULL, NULL, NULL, NULL, NULL, 0, NULL, 'A', NULL),
	('amministrazione@inxpire.it', NULL, 'INXPIRE SRLS', 'VIA ARIOSTO 10 , MONZA 20900', '039 2847673', NULL, NULL, NULL, NULL, NULL, 0, NULL, 'A', NULL),
	('amministrazione@itineris.it', NULL, 'ITINERIS SRL', 'VIA TUF 1 , GALBIATE 23851', '0341 1653333', NULL, NULL, NULL, NULL, NULL, 0, NULL, 'A', NULL),
	('amministrazione@kft.it', NULL, 'KFT SPA', 'VIA NUOVA VALASSINA 4 , MERONE 22046', '031 618211', NULL, NULL, NULL, NULL, NULL, 0, NULL, 'A', NULL),
	('amministrazione@lastsrl.it', NULL, 'LAST SRL', 'VIA XXV APRILE 3/5 , VERDERIO 23879', '039 9515131', NULL, NULL, NULL, NULL, NULL, 0, NULL, 'A', NULL),
	('amministrazione@lineelecco.it', NULL, 'LINEE LECCO S.P.A.', 'PIAZZA BIONE 15, LECCO 23900', '0341 359908', NULL, NULL, NULL, NULL, NULL, 0, NULL, 'A', NULL),
	('amministrazione@martechsrl.net', NULL, 'MARTECH SRL', 'VIA BORIMA 21 , SUELLO 23867', '031 658079', NULL, NULL, NULL, NULL, NULL, 0, NULL, 'A', NULL),
	('amministrazione@mas-co.it', NULL, 'MAS Consulting s.r.l.', 'via Ghislanzoni 20, Lecco 23900', '3343033332', NULL, NULL, NULL, NULL, NULL, 0, NULL, 'A', NULL),
	('AMMINISTRAZIONE@MELES.IT', NULL, 'MELES IMPIANTI SRL', 'CORSO MATTEOTTI 90 , LECCO 23900', '0341 496217', NULL, NULL, NULL, NULL, NULL, 0, NULL, 'A', NULL),
	('AMMINISTRAZIONE@MICROMAC-EL.IT', NULL, 'MICROMAC SRL', 'VIA STOPPANI , CALOLZIOCORTE 23801', '0341 631606', NULL, NULL, NULL, NULL, NULL, 0, NULL, 'A', NULL),
	('amministrazione@mtconsultingroup.it', NULL, 'Detrazionesemplice srl', 'Corso martiri della liberazione 122, Lecco 23900', 'N/A', NULL, NULL, NULL, NULL, NULL, 0, NULL, 'A', NULL),
	('amministrazione@nasonweb.com', NULL, 'NASonWEB srl', 'VIA BALICCO 63 , LECCO 23900', '0341 1918463', NULL, NULL, NULL, NULL, NULL, 0, NULL, 'A', NULL),
	('amministrazione@next-stel.com', NULL, 'NEXT-STEL SOLUTION SRL', 'VIA CAVOUR 57, VALMADRERA 23868', '0341 203345', NULL, NULL, NULL, NULL, NULL, 0, NULL, 'A', NULL),
	('AMMINISTRAZIONE@NGRUSCONI.IT', NULL, 'NG RUSCONI   snc', 'VIA GARIBALDI 16 , GARBAGNATE MILANESE 20024', '031 870366', NULL, NULL, NULL, NULL, NULL, 0, NULL, 'A', NULL),
	('AMMINISTRAZIONE@NORATECH.IT', NULL, 'NORATECH SRL', 'VIA ERBOSTA 20, MORBEGNO 23017', '03421590108', NULL, NULL, NULL, NULL, NULL, 0, NULL, 'A', NULL),
	('amministrazione@officinatsa.it', NULL, 'T.S.A. SRL', 'VIA CAMINANZ 1, BOSISIO PARINI 23842', '031641210', NULL, NULL, NULL, NULL, NULL, 0, NULL, 'A', NULL),
	('amministrazione@officine piki.it', NULL, 'OFFICINE PIKI SRL', 'LOCALITA\' TERMEN CIARELIN , VALVARRONE 23822', '0341 806009', NULL, NULL, NULL, NULL, NULL, 0, NULL, 'A', NULL),
	('amministrazione@ombrugg.com', NULL, 'Officina Meccanica Brugger Srl', 'Via Gerolamo Borsieri 27, Como 22100', '031 268247', NULL, NULL, NULL, NULL, NULL, 0, NULL, 'A', NULL),
	('amministrazione@ovsrl.it', NULL, 'OV SRL', 'VIA ALTOBELLO 5/7, OGGIONO 23848', 'N/A', NULL, NULL, NULL, NULL, NULL, 0, NULL, 'A', NULL),
	('amministrazione@periodica.it', NULL, 'PERMEDICA SPA', 'VIA COMO 38 , MERATE 23807', '039 9514811', NULL, NULL, NULL, NULL, NULL, 0, NULL, 'A', NULL),
	('AMMINISTRAZIONE@PIROVANOITALIA.COM', NULL, 'F.LLI PIROVANO SPA', 'VIA SIRTORI 24 , CASATENOVO 23880', '039 9204784', NULL, NULL, NULL, NULL, NULL, 0, NULL, 'A', NULL),
	('amministrazione@ramafluid.com', NULL, 'RAMA FLUID S.R.L.', 'VIA GUGLIELMO MARCONI 15, OGGIONO 23848', '0341578691', NULL, NULL, NULL, NULL, NULL, 0, NULL, 'A', NULL),
	('amministrazione@rcrsrl.com', NULL, 'RCR SRL', 'VIA FRANCESCO NULLO 2 , CISANO BERGAMASCO 24034', '035787636', NULL, NULL, NULL, NULL, NULL, 0, NULL, 'A', NULL),
	('amministrazione@rivaebrutti.it', NULL, 'RIVA & BRUTTI SRL', 'VIA CASNEDI 58 , VALMADRERA 23868', '0341 581374', NULL, NULL, NULL, NULL, NULL, 0, NULL, 'A', NULL),
	('amministrazione@rotta.it', NULL, 'FRT F.lli Rotta Trafilerie', 'VIA ROMA 5/C , PESCATE 23855', '0341 360032', NULL, NULL, NULL, NULL, NULL, 0, NULL, 'A', NULL),
	('amministrazione@sgtl.it', NULL, 'STUDIO GEOLOGICO-TECNICO LECCHESE DI MASSIMO RIVA', 'VIA PREVIATI 16 , LECCO 23900', '0341 286095', NULL, NULL, NULL, NULL, NULL, 0, NULL, 'A', NULL),
	('amministrazione@sharebot.it', NULL, 'SHAREBOT S.R.L.', 'VIA MONTELLO 18, NIBIONNO 23895', '031692132', NULL, NULL, NULL, NULL, NULL, 0, NULL, 'A', NULL),
	('amministrazione@sime-cnc.com', NULL, 'SIME SRL', 'STRADA PER MAGGIANA 20/B, MANDELLO DEL LARIO 23826', '0341 701401', NULL, NULL, NULL, NULL, NULL, 0, NULL, 'A', NULL),
	('amministrazione@sixor.it', NULL, 'SIXOR SRL', 'VIA NAZIONALE 140/c , ABBADIA LARIANA 23821', '031 5621491', NULL, NULL, NULL, NULL, NULL, 0, NULL, 'A', NULL),
	('amministrazione@softeam.it', NULL, 'SOFTEAM SPA', 'CORSO EMANUELE FILIBERTO 16/A 16/A, LECCO 23900', '0341 422323', NULL, NULL, NULL, NULL, NULL, 0, NULL, 'A', NULL),
	('amministrazione@studiocortisrl.eu', NULL, 'STUDIO CORTI SRL STP A SOCIO UNICO', 'Via Cesare Battisti 20, Rogeno 23849', '031876931', NULL, NULL, NULL, NULL, NULL, 0, NULL, 'A', NULL),
	('amministrazione@tarox.com', NULL, 'TARONI & C. SAS di Taroni Valeria', 'VIA MILANO 24 , OSNAGO 23875', '039 587814', NULL, NULL, NULL, NULL, NULL, 0, NULL, 'A', NULL),
	('amministrazione@tentori.com', NULL, 'TENTORI ENZO & C.', 'VIA RIO TORTO 17 , VALMADRERA 23868', '0341 200606', NULL, NULL, NULL, NULL, NULL, 0, NULL, 'A', NULL),
	('amministrazione@tosomoto.it', NULL, 'TOSO MOTO SRLS', 'VIA ROMA 172 , PESCATE 23855', '0341 287835', NULL, NULL, NULL, NULL, NULL, 0, NULL, 'A', NULL),
	('amministrazione@ttetec.it', NULL, 'TTE SRL', 'VIA PIEDIMONTE 30D VIA PIEDIMONTE 30D, VALMADRERA ', '0341207108', NULL, NULL, NULL, NULL, NULL, 0, NULL, 'A', NULL),
	('amministrazione@valsecchigiovanni.com', NULL, 'V.G. VALSECCHI GIOVANNI SRL', 'VIA BOVARA 34/A , VALMADRERA 23868', '0341 582106', NULL, NULL, NULL, NULL, NULL, 0, NULL, 'A', NULL),
	('amministrazione@veninitullio.it', NULL, 'VENINI TULLIO SRL', 'VIA DELLA CARLETTA 11, MANDELLO DEL LARIO 23826', '0341 731517', NULL, NULL, NULL, NULL, NULL, 0, NULL, 'A', NULL),
	('amministrazione@vicla.eu', NULL, 'TECNO-MACCHINE SRL', 'VIA PARRAVICINI 107B , ALBAVILLA 22031', '031 622065', NULL, NULL, NULL, NULL, NULL, 0, NULL, 'A', NULL),
	('amministrazione@wintec.net', NULL, 'WINTEC SRL', 'VIA PER MOLTENO 34 , OGGIONO 23848', '0341 578207', NULL, NULL, NULL, NULL, NULL, 0, NULL, 'A', NULL),
	('amministrazione@yetopen.com', NULL, 'YETOPEN SRL', 'C.SO MARTIRI DELLA LIBERAZIONE 114, LECCO 23900', '0341 220205', NULL, NULL, NULL, NULL, NULL, 0, NULL, 'A', NULL),
	('amministrazione@zelando.com', NULL, 'ZELANDO di Lorenzo Longatelli', 'VICOLO DELLA TORRE 15 , LECCO 23900', '0341 254974', NULL, NULL, NULL, NULL, NULL, 0, NULL, 'A', NULL),
	('amministrazione@zest-gaming.com', NULL, 'ZEST GAMING SRL', 'VIA ROMA 32/F , PESCATE 23855', '0341 222011', NULL, NULL, NULL, NULL, NULL, 0, NULL, 'A', NULL),
	('amministrazionepec@p-cautomotive.com', NULL, 'P&C AUTOMOTIVE SRL', 'VIA 1° MAGGIO 16 , MISSAGLIA 23873', '039 9240255', NULL, NULL, NULL, NULL, NULL, 0, NULL, 'A', NULL),
	('andrea.polvara@dkcpower.com', NULL, 'D.K.C. Power Solution', 'VIALE CESARE PAVESE 9 , ROMA 00144', '039 9329051', NULL, NULL, NULL, NULL, NULL, 0, NULL, 'A', NULL),
	('andrea.ponzoni@ino.cnr.it', NULL, 'CNR - INO', 'Largo Fermi 6, Firenze 50125', '3492322501', NULL, NULL, NULL, NULL, NULL, 0, NULL, 'A', NULL),
	('andrea.ruggiero@oneam.it', NULL, 'ONE AM SRL', 'Piazza Sergio Brescani 3, Salo\' 25087', '3492281545', NULL, NULL, NULL, NULL, NULL, 0, NULL, 'A', NULL),
	('andrea@casadicuratalamoni.it', NULL, 'CONGREGAZIONE SUORE MISERICORDINE DI SAN GERADO MO', 'P.ZA SANTA MARGHERITA 2, MONZA 20900', '0341274202', NULL, NULL, NULL, NULL, NULL, 0, NULL, 'A', NULL),
	('andrea@tlmservice.it', NULL, 'TLMService S.a.s. di Fabio Benedetti', 'Via Modigliani, 3 3, Cortenova 23813', '3471555138', NULL, NULL, NULL, NULL, NULL, 0, NULL, 'A', NULL),
	('ANDREABRIVIO@CRCSRL.BIZ', NULL, 'CR&C SRL', 'VIA EDISON 2 , BURAGO DI MOLGORA 20875', '348 7804365', NULL, NULL, NULL, NULL, NULL, 0, NULL, 'A', NULL),
	('andressi.d@libero.it', NULL, 'STUDIO TECNICO GEOM DARIO ANDRESSI', 'VIA RISORGIMENTO 30 , MANDELLO DEL LARIO 23826', '0341733354', NULL, NULL, NULL, NULL, NULL, 0, NULL, 'A', NULL),
	('angela@milanienrico.com', NULL, 'MILANI ENRICO SRL', 'VIA PER AIRUNO 19 , BRIVIO 23883', '039 9329601', NULL, NULL, NULL, NULL, NULL, 0, NULL, 'A', NULL),
	('angela@traflariana.it', NULL, 'TRAFILERIA LARIANA DRAWING STEELS SPA', 'VIA CHIOSSETTO 5 , MILANO 20122', '031 850438', NULL, NULL, NULL, NULL, NULL, 0, NULL, 'A', NULL),
	('ANGELO.NEGRI@PANZERIONLINE.COM', NULL, 'PANZERI', 'VIA STATALE BRIANTEA 13 , BULCIAGO 23892', '031 860585', NULL, NULL, NULL, NULL, NULL, 0, NULL, 'A', NULL),
	('anita.battaglia@elvi-italia.com', NULL, 'ELVI ELETTROTECNICA VITALI S.P.A.', 'Via Anton Francesco Grazzini 14, MILANO 20158', '0342682611', NULL, NULL, NULL, NULL, NULL, 0, NULL, 'A', NULL),
	('anpilecco45@gmail.com', NULL, 'ASSOCIAZIONE NAZIONALE PARTIGIANI D\'ITALIA', 'Via Mentana 77, Lecco 23900', '0341 251361', NULL, NULL, NULL, NULL, NULL, 0, NULL, 'A', NULL),
	('antonella.barzaghi@pvr.it', NULL, 'PVR SRL', 'VIA SANTA VECCHIA 107, VALMADRERA 23868', '0341 191851', NULL, NULL, NULL, NULL, NULL, 0, NULL, 'A', NULL),
	('antonio.codega@camp.it', NULL, 'CAMP SPA', 'VIA ROMA 23 , PREMANA 23834', '0341 890117', NULL, NULL, NULL, NULL, NULL, 0, NULL, 'A', NULL),
	('aondio.orietta@icamcioccolato.it', NULL, 'ICAM S.P.A.', 'VIA PESCATORI 53, LECCO 23900', '+390316346233', NULL, NULL, NULL, NULL, NULL, 0, NULL, 'A', NULL),
	('apezzotta@fimma.it', NULL, 'FIMMA SPA', 'VIA I MAGGIO 9 , OSNAGO 23875', '039 92271', NULL, NULL, NULL, NULL, NULL, 0, NULL, 'A', NULL),
	('apg@costacurta.it', NULL, 'COSTACURTA SPA - VICO', 'VIA GRAZIOLI 30 , MILANO 20161', '0341 681546', NULL, NULL, NULL, NULL, NULL, 0, NULL, 'A', NULL),
	('arch.galbusera@gmail.com', NULL, 'GALBUSERA FABIO', 'VIA MONSIGNOR PARMIGIANI  32 , VALMADRERA 23868', '338 9424515', NULL, NULL, NULL, NULL, NULL, 0, NULL, 'A', NULL),
	('arch.gliceriopontiggia@gmail.com', NULL, 'ARCHITETTO GLICERIO PONTIGGIA', 'C.SO CARLO ALBERTO 17/A , LECCO 23900', '0341350136', NULL, NULL, NULL, NULL, NULL, 0, NULL, 'A', NULL),
	('architetto.maranesi@virgilio.it', NULL, 'ARCHITETTO TIZIANO MARANESI', 'VIA PAOLO CARCANO 71 , BELLAGIO 22021', '031950296', NULL, NULL, NULL, NULL, NULL, 0, NULL, 'A', NULL),
	('arimetal@arimetal.it', NULL, 'DIERRE SPA', 'CIRC. SAN GIOVANNI EVANGELISTA 23 , SPEZZANO DI FI', '0341 453411', NULL, NULL, NULL, NULL, NULL, 0, NULL, 'A', NULL),
	('ARZUFFI@ARZUFFI.IT', NULL, 'ARZUFFI SRL', 'VIA SAN ROCCO 31 , SOLZA (BG) 24030', '035 901441', NULL, NULL, NULL, NULL, NULL, 0, NULL, 'A', NULL),
	('AS@AS.IT', NULL, 'asdasd', 'via as 1', '1231231234', NULL, NULL, NULL, NULL, NULL, 0, NULL, 'W', NULL),
	('asiloolcio@tiscali.it', NULL, 'SCUOLA DELL\'INFANZIA DI OLCIO', 'VIA CONTRADA MAGGIORE 3 , MANDELLO DEL LARIO 23826', '339 2723714', NULL, NULL, NULL, NULL, NULL, 0, NULL, 'A', NULL),
	('assistenza@vinc.it', NULL, 'Vincit di Leidi Carlo & C. snc', 'Via Trebbia 4, Valmadrera 23868', '0341550485', NULL, NULL, NULL, NULL, NULL, 0, NULL, 'A', NULL),
	('b.bonacina@imetsaws.com', NULL, 'IMET SPA', 'PIAZZA MAZZINI 13, LECCO 23900', '035 4387910', NULL, NULL, NULL, NULL, NULL, 0, NULL, 'A', NULL),
	('b.corti@trafilspec.it', NULL, 'TRAFILSPEC - I.T.S. SPA', 'VIA CA\' BIANCA 2 2, CASTELMARTE 22030', '03133561', NULL, NULL, NULL, NULL, NULL, 0, NULL, 'A', NULL),
	('barbara.cipriani@astelsrl.it', NULL, 'ASTEL SRL', 'VIA BERGAMO 48 , MERATE 23807', '039 9906413', NULL, NULL, NULL, NULL, NULL, 0, NULL, 'A', NULL),
	('barbara.lochi@italgru.it', NULL, 'ITALGRU SRL', 'VIA SISTINA 121 , ROMA 00187', '035 4932411', NULL, NULL, NULL, NULL, NULL, 0, NULL, 'A', NULL),
	('barbara.lombino@elettrosystem.srl', NULL, 'E. ELETTROSYSTEM SRL', 'VIA 1° MAGGIO 3 , BARZAGO 23890', '031 861642', NULL, NULL, NULL, NULL, NULL, 0, NULL, 'A', NULL),
	('barbara.mariani@laeb.it', NULL, 'L.A.E.B. SRL', 'VIA DEL PESCHIERONE 4 , SIRTORI 23896', '039 9210352', NULL, NULL, NULL, NULL, NULL, 0, NULL, 'A', NULL),
	('bcs@bcs.it', NULL, 'B.C.S. SRL', 'PIAZZA VITTORIO VENETO 39 , ERBA 22036', '031 647500', NULL, NULL, NULL, NULL, NULL, 0, NULL, 'A', NULL),
	('BEATRICE.BONACINA@GRUPPOCOSMA.COM', NULL, 'COSMA di O. CITTERIO SPA', 'VIA MARCONI 15 , CASSAGO BRIANZA 23893', '039 9210660', NULL, NULL, NULL, NULL, NULL, 0, NULL, 'A', NULL),
	('beppe@biesseservice.com', NULL, 'BI ESSE SERVICE SRL', 'VIA SEMINARIO 35 , LECCO 23900', '0341 289564', NULL, NULL, NULL, NULL, NULL, 0, NULL, 'A', NULL),
	('beretta@elettrosoftware.it', NULL, 'ELETTROSOFTWARE DI BERETTA PAOLO MARCO', 'VIA MAZZINI 45/B , PUSIANO 22030', '347 1400970', NULL, NULL, NULL, NULL, NULL, 0, NULL, 'A', NULL),
	('betosnc@alice.it', NULL, 'BETO s.n.c. di Bertoldini e Bassani', 'VIA S. EGIDIO 31, LECCO 23900', '0341 503299', NULL, NULL, NULL, NULL, NULL, 0, NULL, 'A', NULL),
	('betty.f@fshvp.com', NULL, '7 TO 7 SRL', 'VIA PASCOLO 6 , BOSISIO PARINI 23842', '031 2286208', NULL, NULL, NULL, NULL, NULL, 0, NULL, 'A', NULL),
	('bottisnc@bottisnc.191.it', NULL, 'BOTTI SNC', 'VIA CADUTI LECCHESI A FOSSOLI  23 , LECCO 23900', '0341 369128', NULL, NULL, NULL, NULL, NULL, 0, NULL, 'A', NULL),
	('boveserr@gmail.com', NULL, 'ING. BOVE & C. SNC', 'VIA G. FARA 8 , MILANO 20124', '0341 201444', NULL, NULL, NULL, NULL, NULL, 0, NULL, 'A', NULL),
	('bpaolo@conica.it', NULL, 'CONICA di Paolo Bernardelli', 'VIA ROCCA 18 , PASTURO 23818', '335 6673490', NULL, NULL, NULL, NULL, NULL, 0, NULL, 'A', NULL),
	('BRUMANAIMPIANTI@LIBERO.IT', NULL, 'ANDREA BRUMANA', 'VIA PREDA 3 , PREMANA 23834', '349 4114827', NULL, NULL, NULL, NULL, NULL, 0, NULL, 'A', NULL),
	('bruna.gottifredi@alice.it', NULL, 'ISTITUTO COMPRENSIVO BELLANO', 'VIA XX SETTEMBRE 4 , BELLANO 23822', '3393343974', NULL, NULL, NULL, NULL, NULL, 0, NULL, 'A', NULL),
	('C.CASPANI@ENERGYVALVES.IT', NULL, 'R.B. SRL', 'VIA PARINI 24 , CASATENOVO 23880', '0341 260384', NULL, NULL, NULL, NULL, NULL, 0, NULL, 'A', NULL),
	('c.fumagalli@aagstucchi.it', NULL, 'A.A.G. STUCCHI SRL', 'VIA 4 NOVEMBRE 30/32, OLGINATE 23854', '0341653111', NULL, NULL, NULL, NULL, NULL, 0, NULL, 'A', NULL),
	('c.marra@ihi-csi.it', NULL, 'IHI CHARGING SYSTEMS INTERNATIONAL SPA', 'VIA REGINA 25, CERNUSCO LOMBARDONE 23870', '+390399993843', NULL, NULL, NULL, NULL, NULL, 0, NULL, 'A', NULL),
	('c.ongania@defremm.it', NULL, 'DEFREMM SPA', 'VIA GOITO 6, LECCO 23900', '0341251410', NULL, NULL, NULL, NULL, NULL, 0, NULL, 'A', NULL),
	('c.rusconi@agomir.com', NULL, 'AGOMIR SPA', 'CORSO PROMESSI SPOSI 72, LECCO 23900', '0341 259411', NULL, NULL, NULL, NULL, NULL, 0, NULL, 'A', NULL),
	('calolziocorte@legalmail.it', NULL, 'COMUNE DI CALOLZIOCORTE', 'P.ZZA V. VENETO 13 , CALOLZIOCORTE 23900', '0341 639111', NULL, NULL, NULL, NULL, NULL, 0, NULL, 'A', NULL),
	('carlosalvi@carlosalvi.it', NULL, 'CARLO SALVI SPA', 'VIA T. SALVINI 10 , MILANO 20122', '0341 654611', NULL, NULL, NULL, NULL, NULL, 0, NULL, 'A', NULL),
	('carra.r@df-sportspecialist.it', NULL, 'DF SPORT SPECIALIST S.P.A.', 'VIA LARGA 8, MILANO 20122', 'N/A', NULL, NULL, NULL, NULL, NULL, 0, NULL, 'A', NULL),
	('casart@casart.it', NULL, 'CASARTELLI ANTONIO SRL', 'VIA COMO 23 , GALBIATE 23851', '0341 540902', NULL, NULL, NULL, NULL, NULL, 0, NULL, 'A', NULL),
	('castef00@gmail.com', NULL, 'CASTEF DI STEFANONI & C. SNC', 'LOCALITA\' GERETTA 8 , EUPILIO 22030', '031 645855', NULL, NULL, NULL, NULL, NULL, 0, NULL, 'A', NULL),
	('castelli@sacchielettronica.it', NULL, 'SACCHI ELETTRONICA srl con unico socio', 'VIA DELLA VITTORIA 51 , VIGANO\' 23897', '039 9545211', NULL, NULL, NULL, NULL, NULL, 0, NULL, 'A', NULL),
	('castelnuovo.giuseppe@virgilio.it', NULL, 'CASTELNUOVO G. & C.', 'VIA ALLA PROVINCIALE 26 , EUPILIO 22030', '031 656737', NULL, NULL, NULL, NULL, NULL, 0, NULL, 'A', NULL),
	('cathpensa@yahoo.it', NULL, 'ASSOCIAZIONE AMICI DEL MUSEO DELLE GRIGNE ONLUS', 'VIA MONTEFIORI 19 , ESINO LARIO 23825', '348 2838438', NULL, NULL, NULL, NULL, NULL, 0, NULL, 'A', NULL),
	('cbd@pec.it', NULL, 'CBD Electronic srl', 'VIA SANTA VECCHIA 99 , VALMADRERA 23868', '0341 210252', NULL, NULL, NULL, NULL, NULL, 0, NULL, 'A', NULL),
	('cbem@cbem.it', NULL, 'C.B.E.M. SNC', 'VIA G. GALILEI 3 , DERVIO 23824', '0341 850134', NULL, NULL, NULL, NULL, NULL, 0, NULL, 'A', NULL),
	('cc.impiantielettrici.yahoo.it', NULL, 'CIMINO CHRISTIAN IMPIANTI ELETTRICI', 'VIA SAN MARTINO 5 , ABBADIA LARIANA 23821', '328 2229423', NULL, NULL, NULL, NULL, NULL, 0, NULL, 'A', NULL),
	('chiara.giambagli@libero.it', NULL, 'Scuola dell\'Infanzia "Carlo Carcano"', 'Via Dante Alighieri 45, Mandello del Lario 23826', '0341 731225', NULL, NULL, NULL, NULL, NULL, 0, NULL, 'A', NULL),
	('chiara.tagliaferri@stiima.cnr.it', NULL, 'CNR - STIIMA', 'VIA ALFONSO CORTI 12, MILANO 20133', '0341 - 2350209', NULL, NULL, NULL, NULL, NULL, 0, NULL, 'A', NULL),
	('CHIESA@MAURI-FM.IT', NULL, 'F.LLI MAURI S.p.A.', 'VIA BARZAGO 189, GARLATE 23852', '0341 681475', NULL, NULL, NULL, NULL, NULL, 0, NULL, 'A', NULL),
	('cinziavalsecchi@hotmail.it', NULL, 'AMBULATORIO VETERINARIO DR.SSA CINZIA VALSECCHI', 'VIA XI FEBBRAIO 2 , MANDELLO DEL LARIO 23826', '0341 702328', NULL, NULL, NULL, NULL, NULL, 0, NULL, 'A', NULL),
	('claudia.agnati@msa.it', NULL, 'M.S. AMBROGIO SPA', 'VIA ROMA 45, LECCO 23900', '035 4383910', NULL, NULL, NULL, NULL, NULL, 0, NULL, 'A', NULL),
	('claudia.aloisi@reginachain.net', NULL, 'REGINA CATENE CALIBRATE SPA', 'VIA SAN BARNABA 32 , MILANO 20122', '039 99801', NULL, NULL, NULL, NULL, NULL, 0, NULL, 'A', NULL),
	('CLAUDIA.NAVA@BTICINO.IT', NULL, 'BTICINO SPA', 'VIALE BORRI 231 , VARESE 21100', '031 653111', NULL, NULL, NULL, NULL, NULL, 0, NULL, 'A', NULL),
	('claudia@mollificiocolombo.it', NULL, 'MOLLIFICIO COLOMBO SRL', 'VIA G. Verdi 10, Vercurago 23808', '0341420475', NULL, NULL, NULL, NULL, NULL, 0, NULL, 'A', NULL),
	('cmarci@tecnint.it', NULL, 'TECNINT HTE SRL', 'VIA DELLA TECNICA 16/18 , OSNAGO 23875', '039 5969100', NULL, NULL, NULL, NULL, NULL, 0, NULL, 'A', NULL),
	('collaboratori@netweek.it', NULL, 'DMEDIA GROUP SPA', 'VIA CAMPI, 29/L 29/L, MERATE 23807', '0399989224 - 0399462317', NULL, NULL, NULL, NULL, NULL, 0, NULL, 'A', NULL),
	('colombo.massimo@colombotorneria.it', NULL, 'colombo giovanni e figli srl', 'Via dei Mulini 22, Abbadia Lariana 23821', 'N/A', NULL, NULL, NULL, NULL, NULL, 0, NULL, 'A', NULL),
	('colombo@venti3novecento.it', NULL, 'STUDIO TECNICO ASSOCIATO ANNONI COLOMBO MOLTENI', 'VIA FRATELLI CAIROLI 69 , LECCO 23900', '0341361465', NULL, NULL, NULL, NULL, NULL, 0, NULL, 'A', NULL),
	('colomboezio@colomboezio.it', NULL, 'COLOMBO EZIO SRL', 'VIA NAZIONALE 159 , ABBADIA LARIANA 23821', '0341 731657', NULL, NULL, NULL, NULL, NULL, 0, NULL, 'A', NULL),
	('COMMERCIALASSISTENT@2PSPA.IT', NULL, '2P SPA', 'VIA LOMBARDIA 26 , BULCIAGO 23892', '031 874435', NULL, NULL, NULL, NULL, NULL, 0, NULL, 'A', NULL),
	('comunr.abbadialariana@legalmail.it', NULL, 'COMUNE DI ABBADIA LARIANA', 'VIA NAZIONALE 120 , ABBADIA LARIANA 23821', '0341731241', NULL, NULL, NULL, NULL, NULL, 0, NULL, 'A', NULL),
	('connect@a-matic.it', NULL, 'A. MATIC', 'VIA CAVOUR 50/B , LECCO 23900', '0341 254413', NULL, NULL, NULL, NULL, NULL, 0, NULL, 'A', NULL),
	('consolimarzio@virgilio.it', NULL, 'CONSOLI MARZIO', 'VIA RIVOLTA 35 , LECCO 23900', '0341 285441', NULL, NULL, NULL, NULL, NULL, 0, NULL, 'A', NULL),
	('contab@cesanasrl.it', NULL, 'OFFICINE CESANA SRL', 'VIA DON L. STURZO 9 , GALBIATE 23851', '0341 540165', NULL, NULL, NULL, NULL, NULL, 0, NULL, 'A', NULL),
	('contabilita2@tecomimplantology.com', NULL, 'TITANMED', 'VIA LEONARDO DA VINCI 43, TREZZANO SUL NAVIGLIO 20', '0341 363504', NULL, NULL, NULL, NULL, NULL, 0, NULL, 'A', NULL),
	('contabilita@biorama.it', NULL, 'BIORAMA SAS DI ZAMBETTI ELENA E C.', 'VIA CALVENZANA INFERIORE 21, ROGENO 23849', '031/876564', NULL, NULL, NULL, NULL, NULL, 0, NULL, 'A', NULL),
	('contabilita@macotec.it', NULL, 'MACOTEC SRL', 'VIA PER MANTELLO 21 , ROGOLO 23010', '0342 684648', NULL, NULL, NULL, NULL, NULL, 0, NULL, 'A', NULL),
	('contabilita@nextsolution.it', NULL, 'Next Solution technologies SRL', 'Via Volturno 21, Monza 20900', '0341289072', NULL, NULL, NULL, NULL, NULL, 0, NULL, 'A', NULL),
	('contabilita@salapunzoni.it', NULL, 'SALA PUNZONI SRL', 'VIA MAZZINI , CALOLZIOCORTE 23801', '0341 633237', NULL, NULL, NULL, NULL, NULL, 0, NULL, 'A', NULL),
	('contatti@fratellifrigeriosrl.it', NULL, 'F.LLI FRIGERIO SRL', 'VIA MAZZUCCONI 38 , LECCO 23900', '0341 367395', NULL, NULL, NULL, NULL, NULL, 0, NULL, 'A', NULL),
	('cristina.ghezzi@redisrl.com', NULL, 'DUERRE SRL', 'VIA MARCONI 6/B , LOMAGNA 23871', '039 9220193', NULL, NULL, NULL, NULL, NULL, 0, NULL, 'A', NULL),
	('crllab@tin.it', NULL, 'CRL ELETTRONICA DI RIVA ENRICO', 'VIA ALLA SANTA 62 , CIVATE 23862', '0341 210223', NULL, NULL, NULL, NULL, NULL, 0, NULL, 'A', NULL),
	('cronos@cronos.eu', NULL, 'CRONOS SRL', 'VIA L. DA VINCI 12/A , TORINO 10126', '0341 287330', NULL, NULL, NULL, NULL, NULL, 0, NULL, 'A', NULL),
	('curioni@qpcsnc.it', NULL, 'Q.P.C. di PANZERI e curioni snc', 'VIA PER MAGGIANA 32/G , MANDELLO DEL LARIO 23826', '320 9019877', NULL, NULL, NULL, NULL, NULL, 0, NULL, 'A', NULL),
	('d.villa@ulteria.it', NULL, 'ULTERIA SRL', 'VIA VERDI 1 , CERNUSCO LOMBARDONE 23870', '039 9285651', NULL, NULL, NULL, NULL, NULL, 0, NULL, 'A', NULL),
	('daniela.brumana@ceratizit.com', NULL, 'CERATIZIT Como SPA', 'VIA MILANESE 6 , ALSERIO 22040', '031 6349212', NULL, NULL, NULL, NULL, NULL, 0, NULL, 'A', NULL),
	('daniela@ctlsrl.it', NULL, 'CTL SRL', 'VIA ALDO MORO 9 , DOLZAGO 23843', '0341 450571', NULL, NULL, NULL, NULL, NULL, 0, NULL, 'A', NULL),
	('daniele.castelli@studio-tresnc.191.it', NULL, 'STUDIOTRE SNC', 'VIA S. PRIMO 1/A , OLGIATE MOLGORA 23887', '0399910415', NULL, NULL, NULL, NULL, NULL, 0, NULL, 'A', NULL),
	('daniele.gini@lafranconisilenziatori.com', NULL, 'OFFICINE MECCANICHE G. LAFRANCONI SPA', 'VIA CESARE BATTISTI 19 , MANDELLO DEL LARIO 23826', '0341 732277', NULL, NULL, NULL, NULL, NULL, 0, NULL, 'A', NULL),
	('danilo@studiobarana.it', NULL, 'DOTTORE COMMERCIALISTA BARANA DANILO', 'VIA IV NOVEMBRE 5/C , DELEBIO (SO) 23014', '0342 684200', NULL, NULL, NULL, NULL, NULL, 0, NULL, 'A', NULL),
	('dario@libra.it', NULL, 'LIBRA srl', 'PIAZZA CERMENATI 11, LECCO 23900', '0341 350601', NULL, NULL, NULL, NULL, NULL, 0, NULL, 'A', NULL),
	('davide.piloni@aldeghi-impianti.it', NULL, 'ALDEGHI IMPIANTI SRL', 'VIA G.DI VITTORIO 29/31, LECCO 23900', '0341 284716', NULL, NULL, NULL, NULL, NULL, 0, NULL, 'A', NULL),
	('davide@autocogliati.it', NULL, 'AUTOCOGLIATI SPA', 'VIA BERGAMO 38 , MERATE 23807', '0341 350764', NULL, NULL, NULL, NULL, NULL, 0, NULL, 'A', NULL),
	('dellera@delleragiuseppe.com', NULL, 'DELL\'ERA GIUSEPPE SRL', 'via ai pascoli 7, Annone di Brianza 23841', '0341575130', NULL, NULL, NULL, NULL, NULL, 0, NULL, 'A', NULL),
	('denise.sirtori@stelvio-kontek.com', NULL, 'WUERTH ELEKTRONIK STELVIO KONTEK SPA', 'VIA AL MOGNAGO 49, OGGIONO 23848', '0341 265440', NULL, NULL, NULL, NULL, NULL, 0, NULL, 'A', NULL),
	('diego.bonacina@oterspa.it', NULL, 'OTERACCORDI SPA', 'VIA BISONE 21, CISANO BERGAMASCO 24034', '035 4387199', NULL, NULL, NULL, NULL, NULL, 0, NULL, 'A', NULL),
	('diego.mascheri@gmail.com', NULL, 'Emmedi impianti elettrici di Mascheri Diego', 'Via Mascheri 42, Cortenova 23813', '3485807981', NULL, NULL, NULL, NULL, NULL, 0, NULL, 'A', NULL),
	('dina.galperti@galpertisrl.com', NULL, 'GALPERTI SRL', 'VIA PROVINCIALE 20/22, CORTENOVA 238813', '0341 988011', NULL, NULL, NULL, NULL, NULL, 0, NULL, 'A', NULL),
	('dino.artusi@studiolegaleartusi.it', NULL, 'STUDIO LEGALE ARTUSI', 'CORSO MARTIRI DELLA LIBERAZIONE 6 , LECCO 23900', '0341 283246', NULL, NULL, NULL, NULL, NULL, 0, NULL, 'A', NULL),
	('direzione.caronno@rivagroup.com', NULL, 'RIVA ACCIAIO SPA', 'VIALE CERTOSA 249 , MILANO 20151', '02 30700900', NULL, NULL, NULL, NULL, NULL, 0, NULL, 'A', NULL),
	('direzione@gruppovalagussa.it', NULL, 'VALAGUSSA AMBIENTE SRL', 'VIA XXV APRILE 132 , MERATE 23807', '0399901465', NULL, NULL, NULL, NULL, NULL, 0, NULL, 'A', NULL),
	('direzione@micromeccanicabulciago.it', NULL, 'MICROMECCANICA DI PRECISIONE SRL', 'via sandro pertini 12, Cassago Brianza 23893', '039958470', NULL, NULL, NULL, NULL, NULL, 0, NULL, 'A', NULL),
	('direzione@railmotor.it', NULL, 'RAIL E MOTOR SRL', 'VIA LARGA 6 , MILANO 20122', '0341 609206', NULL, NULL, NULL, NULL, NULL, 0, NULL, 'A', NULL),
	('direzionelab@casadicuratalamoni.it', NULL, 'CASA DI CURA LECCO', 'PIAZZA SANTA MARGHERITA 2, MONZA 20900', '0341 274111', NULL, NULL, NULL, NULL, NULL, 0, NULL, 'A', NULL),
	('direzioneoggiono@gestisport.com', NULL, 'GESTISPORT', 'VIA C. BATTISTI 43 , CARUGATE (MI) 20061', '0341 579189', NULL, NULL, NULL, NULL, NULL, 0, NULL, 'A', NULL),
	('dirsan.icsa@grupposandonato.it', NULL, 'ISTITUTO CLINICO SANT\'AMBROGIO', 'VIA FARAVELLI 16 , MILANO 20149', '02 33127006', NULL, NULL, NULL, NULL, NULL, 0, NULL, 'A', NULL),
	('dokpol@cled.it', NULL, 'STUDIO COMMERCIALISTI  ASSOCIATI DR. POLVARA', 'VIA CARLO CATTANEO 62 , LECCO 23900', '0341 282004', NULL, NULL, NULL, NULL, NULL, 0, NULL, 'A', NULL),
	('donato.ripamonti@voloweb.it', NULL, 'VOLO srl', 'VIA PARINI 4 , NIBIONNO 23895', '031 692060', NULL, NULL, NULL, NULL, NULL, 0, NULL, 'A', NULL),
	('dparchitetto@studiopanzeri.it', NULL, 'DAVIDE PANZERI ARCHITETTO', 'VIA CRISTOFORO COLOMBO 18 , VALGREGHENTINO 23857', '0341604057', NULL, NULL, NULL, NULL, NULL, 0, NULL, 'A', NULL),
	('dtruccolo@infinitech.it', NULL, 'INFINITECH DI TRUCCOLO DIEGO LUIGI', 'VIA MANZONI 13 , NIBIONNO 23895', '031 691186', NULL, NULL, NULL, NULL, NULL, 0, NULL, 'A', NULL),
	('e.pace@fondazionemilano.eu', NULL, 'SCUOLE CIVICHE DI MILANO "SCM"', 'VIA ALZAIA NAVIGLIO GRANDE 20 , MILANO 20154', '02 971524', NULL, NULL, NULL, NULL, NULL, 0, NULL, 'A', NULL),
	('e.vergani@asst-lecco.it', NULL, 'AZIENDA SOCIO SANITARIA TERRITORIALE DI LECCO', 'VIA DELL\'EREMO 9/11, LECCO 23900', '0341 489076', NULL, NULL, NULL, NULL, NULL, 0, NULL, 'A', NULL),
	('ega@egasistemi.it', NULL, 'EGA SISTEMI SRL', 'VIA DANTE 18 , RENATE 20838', '0362 925260', NULL, NULL, NULL, NULL, NULL, 0, NULL, 'A', NULL),
	('elaborazioni@simeconsul.com', NULL, 'GILITEC SRL', 'VIA DE GASPERI 18 , CESANA BRIANZA 23861', '031 2287186', NULL, NULL, NULL, NULL, NULL, 0, NULL, 'A', NULL),
	('electroimpom@email.it', NULL, 'ELECTROIMPIANTI.OM', 'VIA GIUSEPPE MAZZINI 33 , MONTE MARENZO 23804', '0341 1849363', NULL, NULL, NULL, NULL, NULL, 0, NULL, 'A', NULL),
	('elena@caverio-angelo.it', NULL, 'CAVERIO ANGELO SNC', 'VIA PROVINCIALE 45 , CORTENOVA 23813', '0341 901091', NULL, NULL, NULL, NULL, NULL, 0, NULL, 'A', NULL),
	('elettrica101@elettrica101.it', NULL, 'ELETTRICA 101 SRL', 'VIA PERTINI, 29 , MERATE 23807', '039 5985411', NULL, NULL, NULL, NULL, NULL, 0, NULL, 'A', NULL),
	('elettroimpiantibl@gmail.com', NULL, 'ELETTROIMPIANTI BL SRL', 'VIA ALLA SPIAGGIA 1 , LECCO 23900', '339 4575022', NULL, NULL, NULL, NULL, NULL, 0, NULL, 'A', NULL),
	('elettrostudio@elettrostudiosartori.it', NULL, 'ELETTROSTUDIO di Sartori Paolo', 'VIA SAN FRANCESCO D\'ASSISI 5 , ERBA 22036', '031 646258', NULL, NULL, NULL, NULL, NULL, 0, NULL, 'A', NULL),
	('elio.stefanoni@gmail.com', NULL, 'INGEGNERE  ELIO STEFANONI', 'VIA COL DI LANA 9 , LECCO 23900', '0341 1960087', NULL, NULL, NULL, NULL, NULL, 0, NULL, 'A', NULL),
	('elisa.rumi@ode.it', NULL, 'ODE', 'VIA BORGOFRANCONE 18 , COLICO 23823', '0341 930570', NULL, NULL, NULL, NULL, NULL, 0, NULL, 'A', NULL),
	('elisabetta.crippa@electrasrl.com', NULL, 'ELECTRA ENGINEERING SRL', 'VIA G. MAYR 10 , MILANO 20122', '039 57483', NULL, NULL, NULL, NULL, NULL, 0, NULL, 'A', NULL),
	('Elisabetta.Giudici@agrati.com', NULL, 'A. AGRATI SPA', 'VIA PIAVE 28/30, VEDUGGIO CON COLZANO (MB) 20837', '0362 9801', NULL, NULL, NULL, NULL, NULL, 0, NULL, 'A', NULL),
	('elisabetta@studiogiordano.it', NULL, 'studio giordano & associati', 'via parini 33, lecco 23900', '3454822799', NULL, NULL, NULL, NULL, NULL, 0, NULL, 'A', NULL),
	('emanuela@officinebindaegalperti.com', NULL, 'OFFICINE BINDA & GALPERTI SRL', 'VIA ROMA 43 , CORTENOVA 23813', '0341901333', NULL, NULL, NULL, NULL, NULL, 0, NULL, 'A', NULL),
	('emma@magatti.eu', NULL, 'C.M.M. LAB SRL', 'VIA ALLE VILLETTE 50 , MANDELLO DEL LARIO 23825', '0341 735033', NULL, NULL, NULL, NULL, NULL, 0, NULL, 'A', NULL),
	('enardini@cisco.com', NULL, 'CIsco Systems S.r.l.', 'Via S. M. Molgora 48/C, Vimercate 20871', '+393335949622', NULL, NULL, NULL, NULL, NULL, 0, NULL, 'A', NULL),
	('energy@energyen.com', NULL, 'ENERGY ENGINEERING S.R.L.', 'VIA CALDONE, 42 , LECCO 23900', '0341 361004', NULL, NULL, NULL, NULL, NULL, 0, NULL, 'A', NULL),
	('enrico_sironi@fastwebnet.it', NULL, 'SIRONI SERGIO E ENRICO SNC', 'VIA CERCE\' 16 , BOSISIO PARINI 23842', '031 876357', NULL, NULL, NULL, NULL, NULL, 0, NULL, 'A', NULL),
	('er@elettricarogeno.it', NULL, 'ELETTRICA ROGENO', 'VIA CALVENZANA INFERIORE 17, ROGENO 23849', '031 876147', NULL, NULL, NULL, NULL, NULL, 0, NULL, 'A', NULL),
	('erboristeriabrioschicordioli@gmail.com', NULL, 'Erboristeria di dott.ssa Brioschi Silvia e dott.ss', 'via Marco D\' Oggiono 18/20, Oggiono 23848', '034126022', NULL, NULL, NULL, NULL, NULL, 0, NULL, 'A', NULL),
	('ercole@zuccoli.it', NULL, 'ELETTROMECCANICA ZUCCOLI SRL', 'PIAZZA ALLA STAZIONE, 9 , ABBADIA LARIANA 23821', '0341 739911', NULL, NULL, NULL, NULL, NULL, 0, NULL, 'A', NULL),
	('eric.de.weerdt@vanhool.be', NULL, 'VANHOOL', 'Bernard Van Hoolstraat 58 , Lier (Koningshooikt) B', '0032 3 420 20 20', NULL, NULL, NULL, NULL, NULL, 0, NULL, 'A', NULL),
	('erika.molteni@limonta.com', NULL, 'LIMONTA SPA', 'VIA C. BATTISTI 15, COSTA MASNAGA 23845', '031857283', NULL, NULL, NULL, NULL, NULL, 0, NULL, 'A', NULL),
	('eurolux@euroluxsrl.it', NULL, 'EUROLUX SRL', 'Viale Piave 35, Milano 20129', '3356276336', NULL, NULL, NULL, NULL, NULL, 0, NULL, 'A', NULL),
	('executive@larius.com', NULL, 'LARIUS SRL', 'VIA STOPPANI 21 , CALOLZIOCORTE 23801', '0341 621152', NULL, NULL, NULL, NULL, NULL, 0, NULL, 'A', NULL),
	('f.ancora@novacart.com', NULL, 'C.M.S. SRL', 'VIA ITALIA 28 , GARBAGNATE MONASTERO 23846', '031 858611', NULL, NULL, NULL, NULL, NULL, 0, NULL, 'A', NULL),
	('f.gaddi@mmspa.eu', NULL, 'SCUOLA DELL\'INFANZIA ANTONIO CARCANO', 'VIA DEI PARTIGIANI 60 , MANDELLO DEL LARIO 23826', '335 6084048', NULL, NULL, NULL, NULL, NULL, 0, NULL, 'A', NULL),
	('f.lliscalese@libero.it', NULL, 'F.LLI SCALESE TOMMASO E ANTONIO SNC', 'VIA ADAMELLO 19 , LECCO 23900', '0341 496068', NULL, NULL, NULL, NULL, NULL, 0, NULL, 'A', NULL),
	('fabio.gatti@fabelweb.it', NULL, 'FABEL SRLS', 'VIA DONIZETTI 9, VERCURAGO 23808', '3485935799', NULL, NULL, NULL, NULL, NULL, 0, NULL, 'A', NULL),
	('fabio@cometo-italy.com', NULL, 'COMETO srl', 'VIA CABELLA LATTUADA, 41 , ANNONE BRIANZA 23841', '0341263090', NULL, NULL, NULL, NULL, NULL, 0, NULL, 'A', NULL),
	('fabio@trizero.it', NULL, 'TRIZERO SRL', 'VIA PROVINCIALE 12, GALBIATE 23851', '0341 541806', NULL, NULL, NULL, NULL, NULL, 0, NULL, 'A', NULL),
	('FABRIZIO.BORGONOVO@HUSQVARNAGROUP.COM', NULL, 'HUSQVARNA ITALIA SPA', 'VIA SANTA VECCHIA 15 , VALMADRERA 23868', '0341 203111', NULL, NULL, NULL, NULL, NULL, 0, NULL, 'A', NULL),
	('farmacia.fedeli@federfarma.lecco.it', NULL, 'farmacia di olginate dr. Fedeli snc', 'via redaelli 19a, Olginate (LC) 23854', '0341681457', NULL, NULL, NULL, NULL, NULL, 0, NULL, 'A', NULL),
	('farmacia.matteucci@federfarma.lecco.it', NULL, 'FARMACIA MATTEUCCI DR. PAOLO', 'VIA CADORNA 47 47, OLIVETO LARIO 23865', '031 968101', NULL, NULL, NULL, NULL, NULL, 0, NULL, 'A', NULL),
	('farmacia.rusconi@federfarma.lecco.it', NULL, 'FARMACIA RUSCONI S.N.C.del Dott. Rusconi e C', 'VIA ROMA 2/4 2/4, cremeno 23814', '0341910422', NULL, NULL, NULL, NULL, NULL, 0, NULL, 'A', NULL),
	('farmacia.sancalimero@federfarma.lecco.it', NULL, 'FARMACIA SAN CALIMERO S.R.L.', 'piazza vittorio veneto 3/4 3, pasturo 23818', '0341955505', NULL, NULL, NULL, NULL, NULL, 0, NULL, 'A', NULL),
	('farmacia.sangiuseppe@federfarma.lecco.it', NULL, 'FARMACIA SAN GIUSEPPE', 'CORSO EUROPA 71/F, CALOLZIOCORTE 23801', '0341642053', NULL, NULL, NULL, NULL, NULL, 0, NULL, 'A', NULL),
	('farmaciadiprimaluna@gmail.com', NULL, 'FARMACIA PANZERI REGINA', 'VIA PROVINCIALE 67, PRIMALUNA 23819', '0341982027', NULL, NULL, NULL, NULL, NULL, 0, NULL, 'A', NULL),
	('farmaciamaggianico@federfarma.lecco.it', NULL, 'FARMACIA MAGGIANICO', 'CORSO EMANUELE FILIBERTO 93 , LECCO 23900', '0341 420451', NULL, NULL, NULL, NULL, NULL, 0, NULL, 'A', NULL),
	('farmaciaprovasi@federfarma.lecco.it', NULL, 'FARMACIA PROVASI', 'VIA ROMA 75, LECCO 23900', '0341 364172', NULL, NULL, NULL, NULL, NULL, 0, NULL, 'A', NULL),
	('farmaciasangiovanni@federfarma.lecco.it', NULL, 'FARMACIE LAGO E MONTI SNC', 'VIA ROMA 96, PESCATE 23855', '0341 498008', NULL, NULL, NULL, NULL, NULL, 0, NULL, 'A', NULL),
	('fatture@grupposeisrl.it', NULL, 'GRUPPO SEI SRL', 'VIA DELL\'INDUSTRIA 2, OLGIATE MOLGORA 23887', '039509753', NULL, NULL, NULL, NULL, NULL, 0, NULL, 'A', NULL),
	('fbertola@bonaitigiuseppe.it', NULL, 'GIUSEPPE & F.LLI BONAITI SPA', 'PIAZZA G. VERDI 3/A , CALOLZIOCORTE 23801', '0341 633080', NULL, NULL, NULL, NULL, NULL, 0, NULL, 'A', NULL),
	('federico@techtion.it', NULL, 'TECHTION DI FISTOLERA FEDERICO', 'Via Della Battaglia 19, Delebio 23014', '0342684175', NULL, NULL, NULL, NULL, NULL, 0, NULL, 'A', NULL),
	('felice.bassani@cieitalia.it', NULL, 'CIE Srl', 'Via Roma 32, Merone 22046', '031650148', NULL, NULL, NULL, NULL, NULL, 0, NULL, 'A', NULL),
	('ferd.nava@virgilio.it', NULL, 'NAVA FERDINANDO SRL', 'VIA COMO 96 , VALMADRERA 23868', '0341 550792', NULL, NULL, NULL, NULL, NULL, 0, NULL, 'A', NULL),
	('flamma@flamma.net', NULL, 'FLAMMA di Piloni E. e A. srl', 'VIA PROVINCIALE 120 , BALLABIO 23811', '0341 230305', NULL, NULL, NULL, NULL, NULL, 0, NULL, 'A', NULL),
	('flavia.buffon@crippa.it', NULL, 'CRIPPA S.r.l.', 'VIA BUONARROTI 3, AROSIO 22060', '031760200', NULL, NULL, NULL, NULL, NULL, 0, NULL, 'A', NULL),
	('flligandolasas@gmail.com', NULL, 'AGRITURISMO IL COLLE di GANDOLA ALESSANDRO', 'VIA DOMENICO VITALI 44 , BELLAGIO 22021', '338 4119317', NULL, NULL, NULL, NULL, NULL, 0, NULL, 'A', NULL),
	('FMB_IT_Risorseumane@wagner-group.com', NULL, 'WAGNER SPA', 'LARGO DONEGANI 2 , MILANO 20121', '0341 212221', NULL, NULL, NULL, NULL, NULL, 0, NULL, 'A', NULL),
	('fomas@fomasgroup.com', NULL, 'FOMAS SPA', 'VIA GIOBERTI 1 , MILANO 20123', '03999811', NULL, NULL, NULL, NULL, NULL, 0, NULL, 'A', NULL),
	('formazione@provincia.lecco.it', NULL, 'PROVINCIA DI LECCO', 'PIAZZA LEGA LOMBARDA, 4 , LECCO 23900', '0341 295111', NULL, NULL, NULL, NULL, NULL, 0, NULL, 'A', NULL),
	('francaalessio@tiscali.it', NULL, 'STUDIO LEGALE AVV. FRANCA ALESSIO', 'VIA SIRTORI 8 , LECCO 23900', '0341 282181', NULL, NULL, NULL, NULL, NULL, 0, NULL, 'A', NULL),
	('francesca.bertola@itlabonaiti.com', NULL, 'ITLA BONAITI SRL', 'STRADA PROVINCIALE PER DOLZAGO 69 , OGGIONO 23848', '0341 1960658', NULL, NULL, NULL, NULL, NULL, 0, NULL, 'A', NULL),
	('francesca.maggioni@caleotto.com', NULL, 'ARLENICO SPA', 'VIA CARLO NICOLA PASINI 11, LONATO DEL GARDA 25017', '0341 1768574', NULL, NULL, NULL, NULL, NULL, 0, NULL, 'A', NULL),
	('francesco.digaetano@cisl.it', NULL, 'UST CISL MONZA BRIANZA LECCO', 'VIA DANTE 17/A , MONZA 20900', '0341 275551', NULL, NULL, NULL, NULL, NULL, 0, NULL, 'A', NULL),
	('francesco.missaglia@enet.it', NULL, 'EASYNET', 'CORSO PROMESSI SPOSI 25D, LECCO 23900', '0341256911', NULL, NULL, NULL, NULL, NULL, 0, NULL, 'A', NULL),
	('frate@novanet.it', NULL, 'FRATE ELETTRONICA', 'VIA FORESTALE 143 , MORBEGNO 23017', '0342 6114848', NULL, NULL, NULL, NULL, NULL, 0, NULL, 'A', NULL),
	('frigerio@qltnet.it', NULL, 'QLT SRL', 'CORSO ITALIA 46 , MONZA 20052', '0362 998686', NULL, NULL, NULL, NULL, NULL, 0, NULL, 'A', NULL),
	('fumagalli@rosval.it', NULL, 'ROSVAL SRL_VECCHIO', 'VIA CADORNA 53 53, NIBIONNO 23895', '031 690554', NULL, NULL, NULL, NULL, NULL, 0, NULL, 'A', NULL),
	('fusi.marco1966@gmail.com', NULL, 'FUSI  EGIDIO SAS  di Fusi Marco & C.', 'VIA A. VOLTA 24 , BULCIAGO 23892', '348 3951593', NULL, NULL, NULL, NULL, NULL, 0, NULL, 'A', NULL),
	('g.invernizzi@nordgas.it', NULL, 'NORDGAS SRL', 'VIA PARINI 1 , COSTA MASNAGA 23845', '031 4121731', NULL, NULL, NULL, NULL, NULL, 0, NULL, 'A', NULL),
	('g.isacchi@bcs.it', NULL, 'B.C.S. Biomedical Computering Systems S.r.l.', 'Piazza Vittorio Veneto 39, Erba 22036', '031647515', NULL, NULL, NULL, NULL, NULL, 0, NULL, 'A', NULL),
	('g.liguori@studiolv-lecco.it', NULL, 'STUDIO LEGALE ASSOCIATO LIGUORI - VASSALLO', 'VIA L. DA VINCI 15 , LECCO 23900', '0341 361220', NULL, NULL, NULL, NULL, NULL, 0, NULL, 'A', NULL),
	('g.vassena@abzsol.com', NULL, 'AB Z SOLUZIONI INFORMATICHE SRL', 'Viale Promessi Sposi 76, Valmadrera 23868', 'N/A', NULL, NULL, NULL, NULL, NULL, 0, NULL, 'A', NULL),
	('gabriele.acerboni@virgilio.it', NULL, 'STUDIO TECNICO GEOMETRA GABRIELE ACERBONI', 'LOC PIAZZO POSSOLO 1 , CASARGO 23831', '0341802132', NULL, NULL, NULL, NULL, NULL, 0, NULL, 'A', NULL),
	('gamma@gamma-mold.com', NULL, 'GAMMA SPA', 'VIA PRATOBEVERA 10 , CASTELLO BRIANZA 23884', '039 5951311', NULL, NULL, NULL, NULL, NULL, 0, NULL, 'A', NULL),
	('gandolacri@gmail.com', NULL, 'GANDOLA CRISTIANO IMPIANTI ELETTRICI', 'LOCALITA\' CERNOBBIO 64 , BELLAGIO 22021', '031 964853', NULL, NULL, NULL, NULL, NULL, 0, NULL, 'A', NULL),
	('gbaragetti@tin.it', NULL, 'OFFICINA MECCANICA BM DI BARAGETTI MAURIZIO WALTER', 'VIA PRIVATA MAGNI 1 , OSNAGO 23875', '03958076', NULL, NULL, NULL, NULL, NULL, 0, NULL, 'A', NULL),
	('gbm@gbm.it', NULL, 'GBM', 'VIA VITTOR PISANI 12A , MILANO 20124', '031 850066', NULL, NULL, NULL, NULL, NULL, 0, NULL, 'A', NULL),
	('geogianola@gmail.com', NULL, 'GEOM. GIOVANNI GIANOLA', 'VIA ENTRICO FERMI 4 , PREMANA 23834', '0341890272', NULL, NULL, NULL, NULL, NULL, 0, NULL, 'A', NULL),
	('Geom.carrera@virgilio.it', NULL, 'STUDIO TECNICO GEOMETRA FRANCESCO CARRERA', 'VIA XI FEBBRAIO 1 , LECCO 23900', '0341288629', NULL, NULL, NULL, NULL, NULL, 0, NULL, 'A', NULL),
	('geom.robertodelloro@tin.it', NULL, 'GEOMETRA ROBERTO DELL\'ORO', 'PIAZZA FONTANA 14/M , VALMADRERA 23868', '0341581045', NULL, NULL, NULL, NULL, NULL, 0, NULL, 'A', NULL),
	('geometra.manzoni@virgilio.it', NULL, 'GEOMETRA MANZONI EGIDIO', 'VIA PROVINCIALE NORD 1 , TACENO 23837', '0341880344', NULL, NULL, NULL, NULL, NULL, 0, NULL, 'A', NULL),
	('geometra@careninibruno.191.it', NULL, 'GEOMETRA CARENINI BRUNO GIOVANNI', 'VIA NAZIONALE 139 , ABBADIA LARIANA 23821', '339 3989226', NULL, NULL, NULL, NULL, NULL, 0, NULL, 'A', NULL),
	('geometri@studiotecnico-bonfanti.it', NULL, 'STUDIO TECNICO GEOMETRI BONFANTI ROBERTO & MARCO', 'VIA DON POZZI 1 , LECCO 23900', '0341365608', NULL, NULL, NULL, NULL, NULL, 0, NULL, 'A', NULL),
	('gerd.verhaegen@campussintursula.be', NULL, 'SUI LIER', 'Kanunnik Davidlaan 15  ,  Lier 2500', '0032 3 491 92 10', NULL, NULL, NULL, NULL, NULL, 0, NULL, 'A', NULL),
	('gf.rusconi@francispa.it', NULL, 'FRANCI S.R.L.', 'VIA ALLE FORNACI 27 27, VALMADRERA 23868', '0341582269', NULL, NULL, NULL, NULL, NULL, 0, NULL, 'A', NULL),
	('giacomo.riva@electroadda.com', NULL, 'ELECTRO ADDA SPA', 'VIA NAZIONALE 8, BEVERATE DI BRIVIO 23883', '039 5320621', NULL, NULL, NULL, NULL, NULL, 0, NULL, 'A', NULL),
	('giada.galloni@eib.it', NULL, 'E.I.B. SRL', 'VIA PER LECCO 24/a, OGGIONO 23848', '0341 1694240', NULL, NULL, NULL, NULL, NULL, 0, NULL, 'A', NULL),
	('gianluca@officinagilardi.com', NULL, 'OFFICINA GILARDI SRL', 'VIALE PRIMO MAGGIO 4 , AIRUNO 23881', '039 9943226', NULL, NULL, NULL, NULL, NULL, 0, NULL, 'A', NULL),
	('gianna@invernizzi.com', NULL, 'INVERNIZZI PRESSE S.R.L.', 'VIA BELVEDERE 20, PESCATE 23855', '0341 360184', NULL, NULL, NULL, NULL, NULL, 0, NULL, 'A', NULL),
	('giovanna.coppola@seta.academy', NULL, 'SETA SRL', 'C.so Promessi Sposi 25/d, Lecco 23900', '3477683443', NULL, NULL, NULL, NULL, NULL, 0, NULL, 'A', NULL),
	('giovanna@mitec-web.com', NULL, 'Mitec s.a.s. di Viviani Maurizio & c.', 'Via Provinciale 34, Primaluna 23819', '0341980352', NULL, NULL, NULL, NULL, NULL, 0, NULL, 'A', NULL),
	('giovanni@odobez.com', NULL, 'INDUSTRIA METTALURGICA ODOBEZ', 'VIA DEGLI ACERI 17 , PASTURO 23818', '0341 530212', NULL, NULL, NULL, NULL, NULL, 0, NULL, 'A', NULL),
	('giulianagalbusera@tiscalinet.it', NULL, 'AUTODEMOLIZIONI GALBUSERA FRANCESCO SRL', 'VIA MILANO 1 , ERBA 22036', '031 611183', NULL, NULL, NULL, NULL, NULL, 0, NULL, 'A', NULL),
	('giuseppe.giussani@losapierluigi.it', NULL, 'LOSA PIER LUIGI S.R.L.', 'VIA BELFIORE 31/C, LECCO 23900', '0341369171', NULL, NULL, NULL, NULL, NULL, 0, NULL, 'A', NULL),
	('giuterr@lg-lesmo.it', NULL, 'L.G. LESMO SNC', 'VIA XXV APRILE 10 , LESMO 20855', '039 6064996', NULL, NULL, NULL, NULL, NULL, 0, NULL, 'A', NULL),
	('gpaglioli@aludesign.it', NULL, 'ALUDESIGN SPA', 'Via Roma 6, LECCO 23900', '035 783595', NULL, NULL, NULL, NULL, NULL, 0, NULL, 'A', NULL),
	('gpozzi.mab@steelgroup.com', NULL, 'METALLURGICA ALTA BRIANZA SPA', 'VIA BRODOLINI 18, LECCO 23900', '0341 222911', NULL, NULL, NULL, NULL, NULL, 0, NULL, 'A', NULL),
	('guido.crippa@seisrl.it', NULL, 'S.E.I SRL', 'VIA FIUME 8, CIVATE 23862', '0341680631', NULL, NULL, NULL, NULL, NULL, 0, NULL, 'A', NULL),
	('GVALENTI@AUTOTORINO.IT', NULL, 'AUTOTORINO SPA', 'VIA COMO 84, VALMADRERA 23868', '0342634205', NULL, NULL, NULL, NULL, NULL, 0, NULL, 'A', NULL),
	('gvl@boortmalt.com', NULL, 'BOORTMALT', 'Zandvoort 2 , Haven 350 ,   Antwerpen 2030', 'N/A', NULL, NULL, NULL, NULL, NULL, 0, NULL, 'A', NULL),
	('helga.mascheri@fedesprings.it', NULL, 'MOLLIFICIO FEDE', 'VIA DELL\'ARTIGIANATO 6, TACENO 23837', '0341 880347', NULL, NULL, NULL, NULL, NULL, 0, NULL, 'A', NULL),
	('hr.techrain@wiseview.it', NULL, 'TECH RAIN SPA', 'VIA GIACOMO PUCCINI 3 , MILANO 20121', 'N/A', NULL, NULL, NULL, NULL, NULL, 0, NULL, 'A', NULL),
	('hr8@fontana-group.com', NULL, 'FONTANA PIETRO SPA', 'VIALE DE GASPERI 16, CALOLZIOCORTE 23801', '0341 6381', NULL, NULL, NULL, NULL, NULL, 0, NULL, 'A', NULL),
	('hr@cmogroup.it', NULL, 'MasperoTech Srl', 'via Ercolano 2, Monza 20900', '039204521', NULL, NULL, NULL, NULL, NULL, 0, NULL, 'A', NULL),
	('hr@combiarialdo.it', NULL, 'COMBI ARIALDO SNC', 'VIA DEGLI ARTIGIANI 11 11, BALLABIO 23811', '0341 530674', NULL, NULL, NULL, NULL, NULL, 0, NULL, 'A', NULL),
	('hr@opiquad.it', NULL, 'Opiquad s.r.l. a socio unico', 'Via P. Paleocapa 6, Milano 20121', '039 9399945', NULL, NULL, NULL, NULL, NULL, 0, NULL, 'A', NULL),
	('hr@persico.com', NULL, 'PERSICO MARINE SRL', 'VIA LOMBARDIA 4 , NEMBRO 24027', '035 4531706', NULL, NULL, NULL, NULL, NULL, 0, NULL, 'A', NULL),
	('hr@tesmec.com', NULL, 'TESMEC SPA', 'PIAZZA S. AMBROGIO 16, MILANO 20123', '031 858311', NULL, NULL, NULL, NULL, NULL, 0, NULL, 'A', NULL),
	('idealstampsrl@gmail.com', NULL, 'IDEALSTAMP SRL', 'VIA ZINIGA 10 , VALBRONA 22039', '031 660204', NULL, NULL, NULL, NULL, NULL, 0, NULL, 'A', NULL),
	('idraulicauggetti@alice.itit', NULL, 'TERMOIDRAULICA UGGETTI ALBERTO', 'VIA CINTURINO 25 , BALLABIO 23811', '0341 530207', NULL, NULL, NULL, NULL, NULL, 0, NULL, 'A', NULL),
	('iii@iaa', NULL, 'pipo', 'aaaaaaaa', '23113213', NULL, NULL, NULL, NULL, NULL, 0, NULL, 'W', NULL),
	('ilab.rusconi@gmail.com', NULL, 'ILAB di RUSCONI ANGELO', 'VIA SAN ROCCO 4 , VALMADRERA 23868', '0341 581316', NULL, NULL, NULL, NULL, NULL, 0, NULL, 'A', NULL),
	('imperatori@federfarma.lecco.it', NULL, 'FARMACIA IMPERATORI SAS', 'PIAZZA MONS. CITTERIO 14 , VALMADRERA 23868', '0341 581555', NULL, NULL, NULL, NULL, NULL, 0, NULL, 'A', NULL),
	('impianto@nespolisas.it', NULL, 'NESPOLI ADRIANO SAS DI NESPOLI ELIO', 'VIA SAN CARLO 1 , AROSIO 22060', '031797058', NULL, NULL, NULL, NULL, NULL, 0, NULL, 'A', NULL),
	('INAC@INAC.IT', NULL, 'INAC SPA', 'VIA LEONARDO VASSENA 14 , VALMADRERA 23868', '0341 204000', NULL, NULL, NULL, NULL, NULL, 0, NULL, 'A', NULL),
	('info.centroveterinariosanfermo@gmail.com', NULL, 'Centro veterinario San Fermo', 'via Alcide DE Gasperi 9, Cesana Brianza 23861', '031658429', NULL, NULL, NULL, NULL, NULL, 0, NULL, 'A', NULL),
	('Info.EIE.ITALY@eiffage.com', NULL, 'Elettromeccanica Galli Italo SpA', 'Viale Prealpi 31, Erba 22036', '031614111', NULL, NULL, NULL, NULL, NULL, 0, NULL, 'A', NULL),
	('info.nicologerin@gmail.com', NULL, 'Nicolò Gerin Design', 'Via Roma 47, Valmadrera 23868', '3458533617', NULL, NULL, NULL, NULL, NULL, 0, NULL, 'A', NULL),
	('info.omggerosa.it', NULL, 'O.M.G. DI GEROSA ROBERTO', 'VIA LEONARDO DA VINCI 10 , COSTA MASNAGA 23845', '031 879437', NULL, NULL, NULL, NULL, NULL, 0, NULL, 'A', NULL),
	('info.spreafico@ima.it', NULL, 'SPREAFICO AUTOMATION  SRL', 'VIA ENRICO FERMI 9, CALOLZIOCORTE 23801', '0341 240311', NULL, NULL, NULL, NULL, NULL, 0, NULL, 'A', NULL),
	('info@3aautomation.com', NULL, '3A AUTOMATION SRL', 'VIA CALVENZANA INFERIORE  20 , ROGENO 23849', '031 3110204', NULL, NULL, NULL, NULL, NULL, 0, NULL, 'A', NULL),
	('info@4youdigital.com', NULL, '4YOUDIGITAL di GIULIA SECOMANDI', 'VIA ALESSANDRO MANZONI 15 , MONTE MARENZO 23804', '351 5945520', NULL, NULL, NULL, NULL, NULL, 0, NULL, 'A', NULL),
	('info@abbstudio.com', NULL, 'A.B. & B. STUDIO ASSOCIATO', 'VIA MAGGIORE 16 , LECCO 23900', '0341288389', NULL, NULL, NULL, NULL, NULL, 0, NULL, 'A', NULL),
	('info@acerboni.it', NULL, 'ACERBONI SILVIO & C snc', 'Via Carso 1, Crandola Valsassina 23832', 'N/A', NULL, NULL, NULL, NULL, NULL, 0, NULL, 'A', NULL),
	('info@acrasrl.it', NULL, 'A.C.R.A. SRL', 'VIA RIO TORTO 23 , VALMADRERA 23868', '0341 581468', NULL, NULL, NULL, NULL, NULL, 0, NULL, 'A', NULL),
	('info@aluro-cnc.com', NULL, 'ALURO', 'Industriestraat 12 , Hiest op den Berg  2220', '+32 (0)15 25 72 76', NULL, NULL, NULL, NULL, NULL, 0, NULL, 'A', NULL),
	('info@antares3000.com', NULL, 'ANTARES 3000 SRLS', 'VIA CANOVA 33 , OLGIATE MOLGORA 23887', '0341 1716389', NULL, NULL, NULL, NULL, NULL, 0, NULL, 'A', NULL),
	('info@archcontardo.it', NULL, 'architetto', 'via lungolario 48, Mandello del Lario (LC) 23826', '3391359053', NULL, NULL, NULL, NULL, NULL, 0, NULL, 'A', NULL),
	('Info@arcogroup.it', NULL, 'Arco Group srl', 'Via Carlo Torri Tarelli 31, Lecco 23900', '333 582 5020', NULL, NULL, NULL, NULL, NULL, 0, NULL, 'A', NULL),
	('info@ariex.it', NULL, 'OFFICINE CELSI s.n.c. dei F.lli Benedetti', 'VIA PROVINCIALE 16 , CORTENOVA  23813', '0341 901157', NULL, NULL, NULL, NULL, NULL, 0, NULL, 'A', NULL),
	('info@arlem.it', NULL, 'ARLEM SRL', 'VIA CONCORDIA 38 , OLGINATE 23854', '0341 605044', NULL, NULL, NULL, NULL, NULL, 0, NULL, 'A', NULL),
	('INFO@AURORANETWORK.IT', NULL, 'AURORA NETWORK SRL', 'CORSO MARTIRI DELLA LIBERAZIONE 6 , LECCO 23900', '0341  287557', NULL, NULL, NULL, NULL, NULL, 0, NULL, 'A', NULL),
	('info@automazionigalbusera.com', NULL, 'GALBUSERA ALFONSO S.R.L.', 'VIA A. GRAMSCI 10, BARZAGO 23890', '031/861829', NULL, NULL, NULL, NULL, NULL, 0, NULL, 'A', NULL),
	('info@bastai.it', NULL, 'BASTAI ENZO SRL', 'VIA PROVINCIALE 14, EUPILIO 22030', '031 657640', NULL, NULL, NULL, NULL, NULL, 0, NULL, 'A', NULL),
	('info@bbservicesrl.com', NULL, 'BB SERVICE SRL', 'VIA TRIESTE 569NULL , CALUSCO D\'ADDA 24033', '0341 630799', NULL, NULL, NULL, NULL, NULL, 0, NULL, 'A', NULL),
	('info@belettronica.com', NULL, 'B. ELETTRONICA SRL', 'VIA MILANO 7 , ELLO 23848', '0341 577601', NULL, NULL, NULL, NULL, NULL, 0, NULL, 'A', NULL),
	('info@blutechnology.it', NULL, 'BLU TECHNOLOGY di Ing. Carlo Mauri', 'VIA ALLE VILLETTE 36/38 , MANDELLO DEL LARIO 23826', '0341 730222', NULL, NULL, NULL, NULL, NULL, 0, NULL, 'A', NULL),
	('info@carpenteriacolombo.com', NULL, 'CARPENTERIA COLOMBO FERRUCCIO SRL', 'VIA GIUSEPPE MARCORA 11, MILANO 20121', '0341 603027', NULL, NULL, NULL, NULL, NULL, 0, NULL, 'A', NULL),
	('info@carpenterials.it', NULL, 'L.S. SRL', 'VIA BASELONE 18, CIVATE LC', '0341210285', NULL, NULL, NULL, NULL, NULL, 0, NULL, 'A', NULL),
	('info@carpenteriarusconi.com', NULL, 'CARPENTERIA F.LLI RUSCONI SNC', 'VIA CHIARI 73 , VALMADRERA 23868', '0341 582168', NULL, NULL, NULL, NULL, NULL, 0, NULL, 'A', NULL),
	('INFO@CASONI-CND.COM', NULL, 'CASONI SRL', 'VIA MARCO BIAGI 20 , LOMAGNA 23871', '039 5300613', NULL, NULL, NULL, NULL, NULL, 0, NULL, 'A', NULL),
	('info@castellipietro.com', NULL, 'CASTELLI PIETRO SRL', 'VIA ALLA CASCATA 21 , CALOLZIOCORTE 23801', '0341 601511', NULL, NULL, NULL, NULL, NULL, 0, NULL, 'A', NULL),
	('info@cazzanigaweb.com', NULL, 'ELETTROMECCANIZA CAZZANIGA SRL', 'VIA CADORNA 8 8, BARZANO\' 23891', '039 9210033', NULL, NULL, NULL, NULL, NULL, 0, NULL, 'A', NULL),
	('INFO@CLAUDIOAMADEISTUDIO.COM', NULL, 'CLAUDIO AMADEI DITTA INDIVIDUALE', 'VIA SAN FERMO 32 , SAN FELICE DEL BENACO (BS) 2501', '030 6189914', NULL, NULL, NULL, NULL, NULL, 0, NULL, 'A', NULL),
	('INFO@COGISRLCOLOMBO.IT', NULL, 'COGI SRL', 'VIA NAZIONALE 140 , ABBADIA LARIANA 23821', '0341700749', NULL, NULL, NULL, NULL, NULL, 0, NULL, 'A', NULL),
	('info@comolakeboats.it', NULL, 'COMOLAKEBOATS', 'VIA BALLOTTA 26 , GRAVEDONA 22015', '333 4014995', NULL, NULL, NULL, NULL, NULL, 0, NULL, 'A', NULL),
	('info@complic.eu', NULL, 'Complic di Paolo Amico', 'Via Col di lana 19, Lecco 23900', '03411716035', NULL, NULL, NULL, NULL, NULL, 0, NULL, 'A', NULL),
	('info@comune.bellano.lc.it', NULL, 'COMUNE DI BELLANO', 'VIA VITTORIO VENETO 23 , BELLANO 23822', '0341 821124', NULL, NULL, NULL, NULL, NULL, 0, NULL, 'A', NULL),
	('info@comune.dervio.lc.it', NULL, 'COMUNE DI DERVIO', 'PIAZZA IV NOVEMBRE 3 , DERVIO 23824', '0341 806411', NULL, NULL, NULL, NULL, NULL, 0, NULL, 'A', NULL),
	('info@consultingsolutions.it', NULL, 'CONSULTING & SOLUTIONS', 'VIA ITALIA 8/E , GARBAGNATE MONASTERO 23846', '031 3571606', NULL, NULL, NULL, NULL, NULL, 0, NULL, 'A', NULL),
	('info@costruzionielettriche.com', NULL, 'NAVA SRL COSTRUZIONI ELETTRICHE', 'VIA RAVELLA 6/A , CANZO 22035', '031 683948', NULL, NULL, NULL, NULL, NULL, 0, NULL, 'A', NULL),
	('info@crottaelectronics.com', NULL, 'CROTTA ELECTRONICS SNC', 'VIA PILONI 40 , LECCO 23900', '0341 499150', NULL, NULL, NULL, NULL, NULL, 0, NULL, 'A', NULL),
	('info@csval.it', NULL, 'CENTRO SALDATURA VALMADRERA SAS', 'VIA DELLE INDUSTRIE 9, CIVATE 23862', '0341210153', NULL, NULL, NULL, NULL, NULL, 0, NULL, 'A', NULL),
	('info@cta.it', NULL, 'CTA INFORMATICA SRL', 'VIA TURATI 2/D , ERBA (CO) 22036', '0341 647801', NULL, NULL, NULL, NULL, NULL, 0, NULL, 'A', NULL),
	('info@dbcreation.it', NULL, 'DBCREATION di DANIELE BIFFI', 'VIA DELLE CAPRIATE 12A, ROGENO 23839', '031 5477530', NULL, NULL, NULL, NULL, NULL, 0, NULL, 'A', NULL),
	('info@delloromarco.com', NULL, 'DELL\'ORO MARCO SRL', 'VIA TAGLIAMENTO 44 , LECCO 23900', '0341 369220', NULL, NULL, NULL, NULL, NULL, 0, NULL, 'A', NULL),
	('info@dfimpianti.com', NULL, 'DIEFFE IMPIANTI SRL', 'VIA VOLTA 49 , CASATENOVO 23880', '339 8722422', NULL, NULL, NULL, NULL, NULL, 0, NULL, 'A', NULL),
	('info@dfvautomazioni.it', NULL, 'DFV AUTOMAZIONI SRL', 'VIA MARINAI D\'ITALIA 15 , LECCO 23900', '0341 207027', NULL, NULL, NULL, NULL, NULL, 0, NULL, 'A', NULL),
	('info@diesys.it', NULL, 'DIESYS INFORMATICA SRL', 'VIA DELLA MOSCOVA 40/4 , MILANO 20121', '039 9669922', NULL, NULL, NULL, NULL, NULL, 0, NULL, 'A', NULL),
	('info@difmar.it', NULL, 'DIFMAR di FAZZINI LORENA', 'VIA GIABBIO ., PREMANA 23834', '0341 890705', NULL, NULL, NULL, NULL, NULL, 0, NULL, 'A', NULL),
	('info@dofet.it', NULL, 'DOFET di TENDERINI ANDREA & C.', 'VIA GIABBIO 5, PREMANA 23834', '0341 890275', NULL, NULL, NULL, NULL, NULL, 0, NULL, 'A', NULL),
	('info@dupras.it', NULL, 'DUPRAS SRL', 'VIA CACCIATORI 12 12, VALMADRERA 23868', '0341 210105', NULL, NULL, NULL, NULL, NULL, 0, NULL, 'A', NULL),
	('info@dvcarpenteria.it', NULL, 'D.V. S.R.L.', 'VIA DANTE 28/B, TRIUGGIO 20844', '0362997286', NULL, NULL, NULL, NULL, NULL, 0, NULL, 'A', NULL),
	('info@ebrelettronica.it', NULL, 'E.B.R. ELETTRONICA SRL', 'VIA ALLE VILLETTE 38 , MANDELLO DEL LARIO 23826', '0341 742000', NULL, NULL, NULL, NULL, NULL, 0, NULL, 'A', NULL),
	('info@economieambientali.it', NULL, 'ECONOMIE AMBIENTALI SRL', 'VIA L. DA VINCI 20 , LECCO 23900', '0341 286741', NULL, NULL, NULL, NULL, NULL, 0, NULL, 'A', NULL),
	('info@edilsider.com', NULL, 'EDILSIDER SPA', 'VIA LAGO VECCHIO 7 , CALOLZIOCORTE 23801', '0341 630063', NULL, NULL, NULL, NULL, NULL, 0, NULL, 'A', NULL),
	('info@effepisrl.net', NULL, 'EFFEPI SRL', 'VIA PARINI 33 , LECCO 23900', '0341 255321', NULL, NULL, NULL, NULL, NULL, 0, NULL, 'A', NULL),
	('info@elettrotecnicaredaelli.com', NULL, 'ELETTROTECNICA REDAELLI SRL', 'VIA RIVABELLA 24 , BESANA BRIANZA 20842', '0362 942288', NULL, NULL, NULL, NULL, NULL, 0, NULL, 'A', NULL),
	('info@elleaimpianti.it', NULL, 'EL.LE.A SNC', 'VIA CA\' ROSSA 39, LECCO 23900', '0341 360758', NULL, NULL, NULL, NULL, NULL, 0, NULL, 'A', NULL),
	('info@elmax.it', NULL, 'ELMAX SRL', 'VIA BERGAMO 4 , GALBIATE 23851', '0341 242847', NULL, NULL, NULL, NULL, NULL, 0, NULL, 'A', NULL),
	('info@emespa.com', NULL, 'EME-Elettromeccanica Erbese s.r.l.', 'VIA ASPROMONTE 31 , LECCO 23900', '031 658050', NULL, NULL, NULL, NULL, NULL, 0, NULL, 'A', NULL),
	('info@epslecco.it', NULL, 'EPS ENERGY.PRO.SYSTEM SRL', 'VIA PLAVA 1 , LECCO 23900', '0341287840', NULL, NULL, NULL, NULL, NULL, 0, NULL, 'A', NULL),
	('info@erpu.it', NULL, 'ER.P.U.', 'VIA GIABBIO (Z.I.) , PREMANA 23834', '0341 890780', NULL, NULL, NULL, NULL, NULL, 0, NULL, 'A', NULL),
	('info@eurowasa.com', NULL, 'EUROWASA di Gianola W. & C. sas', 'VIA GIABBIO  , PREMANA 23834', '0341 819155', NULL, NULL, NULL, NULL, NULL, 0, NULL, 'A', NULL),
	('info@eurozeta.eu', NULL, 'EUROZETA DI ZAPELLI RITA', 'VIA CAPODISTRIA 39 , LECCO 23900', '0341 284923', NULL, NULL, NULL, NULL, NULL, 0, NULL, 'A', NULL),
	('info@evoturism.com', NULL, 'EVO SSDRL', 'CORSO MARTIRI DELLA LIBERAZIONE 28 , LECCO 23900', '331 8185327', NULL, NULL, NULL, NULL, NULL, 0, NULL, 'A', NULL),
	('info@farmaciabellagio.it', NULL, 'EFFELUNGA FARMACIE SRL - UNIP', 'VIA CASETTE 2, SANTA MARIA DI NEGRAR (VR) 37024', '031 950623', NULL, NULL, NULL, NULL, NULL, 0, NULL, 'A', NULL),
	('info@fcolombo.it', NULL, 'F. COLOMBO ATTREZZI UTENSILI', 'VIA VOLTA 70 , COMO 22100', '039 9902112', NULL, NULL, NULL, NULL, NULL, 0, NULL, 'A', NULL),
	('info@fm-impiantisrl.it', NULL, 'FM IMPIANTI SRL', 'VIA CAVETO 8/B , CUSANO MILANINO 20095', '02 6198793', NULL, NULL, NULL, NULL, NULL, 0, NULL, 'A', NULL),
	('info@fondazionegiuseppemozzanica.it', NULL, 'FONDAZIONE MOZZANICA', 'VICOLO CHIUSO 5 , MERATE 23807', '039 9900706', NULL, NULL, NULL, NULL, NULL, 0, NULL, 'A', NULL),
	('info@fptechnology.it', NULL, 'FP TECHNOLOGY SRL', 'VIA DEL DOSSO 39 , ALZATE BRIANZA 22040', '031 5621590', NULL, NULL, NULL, NULL, NULL, 0, NULL, 'A', NULL),
	('info@fratellibonfanti.eu', NULL, 'FRATELLI BONFANTI SNC', 'VIA PROVINCIALE 29 , DOLZAGO 23843', '0341 451157', NULL, NULL, NULL, NULL, NULL, 0, NULL, 'A', NULL),
	('info@fratellimaggisrl.it', NULL, 'F.LLI MAGGI', 'VIA BASELONE 5 , CIVATE 23862', '0341550989', NULL, NULL, NULL, NULL, NULL, 0, NULL, 'A', NULL),
	('info@futuraict.com', NULL, 'FUTURA ICT SRL', 'VIALE DELLO STADIO 46 , SONDRIO 23100', '0342 513065', NULL, NULL, NULL, NULL, NULL, 0, NULL, 'A', NULL),
	('info@galbiatiecolombo.com', NULL, 'GALBIATI & COLOMBO SRL', 'VIA MANZONI 39 , MONZA 20900', '031850194', NULL, NULL, NULL, NULL, NULL, 0, NULL, 'A', NULL),
	('info@galli.eiffage.it', NULL, 'ELETTROMECCANICA GALLI ITALO SPA', 'VIALE PREALPI 31 , ERBA 22036', '031 614111', NULL, NULL, NULL, NULL, NULL, 0, NULL, 'A', NULL),
	('info@gd-informatica.com', NULL, 'RGL INFORMATICA', 'CORSO PROMESSI SPOSI 22 , LECCO 23900', '0341350110', NULL, NULL, NULL, NULL, NULL, 0, NULL, 'A', NULL),
	('info@gecostampi.it', NULL, 'G & CO SRL UNIPERSONALE', 'VIA BALICCO 109 , LECCO 23900', '0341 660229', NULL, NULL, NULL, NULL, NULL, 0, NULL, 'A', NULL),
	('info@ghecor.com', NULL, 'GHECOR SAS DI GHEZZI & C.', 'VIA AL MONTEGGIOLO 27 , COLICO 23823', '0341 933153', NULL, NULL, NULL, NULL, NULL, 0, NULL, 'A', NULL),
	('info@ghidonimarco.it', NULL, 'GHIDONI MARCO', 'VIA BENVENUTO 18B , ABBADIA LARIANA 23821', '333 3464674', NULL, NULL, NULL, NULL, NULL, 0, NULL, 'A', NULL),
	('info@gie-srl.com', NULL, 'GIE SRL', 'CDC PALAZZO ASTROLABIO , AGRATE BRIANZA 20864', '0341 285356', NULL, NULL, NULL, NULL, NULL, 0, NULL, 'A', NULL),
	('info@gilardoni-industrial.com', NULL, 'F.LLI GILARDONI - Officine Meccaniche srl', 'VIA SAN MARTINO 6 , BELLAGIO 22021', '031 951547', NULL, NULL, NULL, NULL, NULL, 0, NULL, 'A', NULL),
	('info@gimap.com', NULL, 'GIMAP srl', 'Vial Giabbio snc, Premana 23834', '0341818000', NULL, NULL, NULL, NULL, NULL, 0, NULL, 'A', NULL),
	('INFO@GMIMPIANTISNC.191.IT', NULL, 'GM IMPIANTI SNC', 'VIA ALLA VOLTA 11 , LIERNA 23827', '0341 710089', NULL, NULL, NULL, NULL, NULL, 0, NULL, 'A', NULL),
	('info@gmlecco.com', NULL, 'GM COSTRUZIONI MECCANICHE', 'VIA PONCHIELLI 14, LECCO 23900', '0341 423150', NULL, NULL, NULL, NULL, NULL, 0, NULL, 'A', NULL),
	('info@gruppoenersic.com', NULL, 'GRUPPO ENERSIC S.R.L.S.', 'VIA DELL\'ISOLA 6 , LECCO 23900', '0341255058', NULL, NULL, NULL, NULL, NULL, 0, NULL, 'A', NULL),
	('info@grupporipamonti.com', NULL, 'ELETTROZINCATURA RIPAMONTI SRL', 'VIA DEI PARTIGIANI 14, VALGREGHENTINO 23857', 'N/A', NULL, NULL, NULL, NULL, NULL, 0, NULL, 'A', NULL),
	('info@ieasnc.it', NULL, 'I.E.A. di Rotta Francesco S.A.S.', 'VIA A. MORO, 10 , LECCO 23900', '0341 367567', NULL, NULL, NULL, NULL, NULL, 0, NULL, 'A', NULL),
	('info@impiantiaz.it', NULL, 'A.Z. ELECTRIC SYSTEM', 'VIA CALAMANDREI 17 , ORSENIGO 22030', '031 619941', NULL, NULL, NULL, NULL, NULL, 0, NULL, 'A', NULL),
	('info@impresapiazza.it', NULL, 'IMPRESA EDILE PIAZZA CARLO & C SRL', 'VIALE DELLA VITTORIA 34 , INTROBIO 23815', '0341980355', NULL, NULL, NULL, NULL, NULL, 0, NULL, 'A', NULL),
	('info@imsasrl.it', NULL, 'IMSA Srl', 'Via Statale 717, Garlate 23852', '0341682000', NULL, NULL, NULL, NULL, NULL, 0, NULL, 'A', NULL),
	('info@imsdeltamatic.com', NULL, 'IMS DELTAMATIC', 'VIA BERETTA 25 , CALCINATE 240050', '035 8355111', NULL, NULL, NULL, NULL, NULL, 0, NULL, 'A', NULL),
	('info@innovita.it', NULL, 'INNOVITA SRL', 'VIA PASCOLO 4 , BOSISIO PARINI 23842', '0341 1880840', NULL, NULL, NULL, NULL, NULL, 0, NULL, 'A', NULL),
	('info@isidoroscaccabarozzi.it', NULL, 'SCACCABAROZZI  ISIDORO  SNC', 'Via IV Novembre 26/A, Olginate 23854', '0341604522', NULL, NULL, NULL, NULL, NULL, 0, NULL, 'A', NULL),
	('info@isomec.it', NULL, 'ISOMECH SRL', 'VIA VALASSINA 3 , NIBIONNO 23895', '031690956', NULL, NULL, NULL, NULL, NULL, 0, NULL, 'A', NULL),
	('info@istitutofiocchi.gov.it', NULL, 'I.I.S. "P. A. FIOCCHI"', 'VIA BELFIORE 4 , LECCO 23900', '0341 363310', NULL, NULL, NULL, NULL, NULL, 0, NULL, 'A', NULL),
	('info@keluar.it', NULL, 'KELUAR SRL', 'VIA ASSIETTA 16/B , TORINO 10128', '0585 869310', NULL, NULL, NULL, NULL, NULL, 0, NULL, 'A', NULL),
	('info@lariana.net', NULL, 'LARIANA snc di GRILLI MARCO & C.', 'VIA STATALE 107 , MANDELLO DEL LARIO 23826', '0341 732259', NULL, NULL, NULL, NULL, NULL, 0, NULL, 'A', NULL),
	('info@larioreti.it', NULL, 'LARIO RETI HOLDING SPA', 'VIA FIANDRA 13 , LECCO 23900', '0341 359111', NULL, NULL, NULL, NULL, NULL, 0, NULL, 'A', NULL),
	('info@lbmi.en', NULL, 'LBMI SOLUTION - ING. B. BRUMANA', 'VIA ZANINI 6 , CALOLZIOCORTE 23801', '3928493096', NULL, NULL, NULL, NULL, NULL, 0, NULL, 'A', NULL),
	('INFO@LECCOVETERINARIO.IT', NULL, 'Clinica Veterinaria dr. Rusconi Riccardo', 'Via Lecco 37, Galbiate 23851', '0341540201', NULL, NULL, NULL, NULL, NULL, 0, NULL, 'A', NULL),
	('info@lgarettifiche.it', NULL, 'LGA RETTIFICHE MOTORI', 'VIA ROCCOLO 3 , LECCO 23900', '0341 363485', NULL, NULL, NULL, NULL, NULL, 0, NULL, 'A', NULL),
	('info@liriofoil.com', NULL, 'LIRIO FOIL SRL', 'VIA NAZIONALE 140 , ABBADIA LARIANA 23821', '0341 703199', NULL, NULL, NULL, NULL, NULL, 0, NULL, 'A', NULL),
	('info@livioimpianti.it', NULL, 'LIVIO IMPIANTI SRL', 'VIA IV NOVEMBRE 30, BOSISIO PARINI 23842', '031 655999', NULL, NULL, NULL, NULL, NULL, 0, NULL, 'A', NULL),
	('info@llasicurezza.it', NULL, 'LLA SISTEMI DI SICUREZZA SRL', 'CORSO PROMESSI SPOSI 90 , LECCO 23900', '0341 251166', NULL, NULL, NULL, NULL, NULL, 0, NULL, 'A', NULL),
	('info@lospaziodibea.it', NULL, 'ASSOCIAZIONE LO SPAZIO DI BEA', 'VIA TOLENTINO 5 , MILANO 20155', '0341530587', NULL, NULL, NULL, NULL, NULL, 0, NULL, 'A', NULL),
	('info@lsvmultimedia.it', NULL, 'LSV MULTIMEDIA SRL', 'VIA ALBEGNO 36, OLGINATE 23854', '0341 681121', NULL, NULL, NULL, NULL, NULL, 0, NULL, 'A', NULL),
	('info@lubrimetal.com', NULL, 'LUBRIMETAL SPA', 'VIA BERGAMO 35 , MERATE 23807', '0341 420444', NULL, NULL, NULL, NULL, NULL, 0, NULL, 'A', NULL),
	('info@magic.co.it', NULL, 'MAGIC SRL', 'VIA CARLO PISACANE 16 , MILANO 20159', '0341 653631', NULL, NULL, NULL, NULL, NULL, 0, NULL, 'A', NULL),
	('info@mdgitalia.eu', NULL, 'MDG s.n.c.DI GADDI PATRIZIO  e C.', 'VIA CISERINO 4/E , LIERNA 23827', '0341710256', NULL, NULL, NULL, NULL, NULL, 0, NULL, 'A', NULL),
	('info@meccanicadecapitani.com', NULL, 'MECCANICA DE CAPITANI S.R.L.', 'Via Libero Grassi 9, Olginate 23854', '0341 606092', NULL, NULL, NULL, NULL, NULL, 0, NULL, 'A', NULL),
	('info@meccanicafumagalli.com', NULL, 'F.LLI FUMAGALLI SRL', 'VIA LEVATA 3 , MONTE MARENZO 23804', '0341 634921', NULL, NULL, NULL, NULL, NULL, 0, NULL, 'A', NULL),
	('info@meccanicatentori.it', NULL, 'OFFICINA MECCANICA TENTORI SNC di TENTORI LUIGI e ', 'VIA BERGAMO 2 , GALBIATE 23851', '0341 540944', NULL, NULL, NULL, NULL, NULL, 0, NULL, 'A', NULL),
	('INFO@METALFORCH.IT', NULL, 'METALFORCH SRL', 'VIA PROVINCIALE 125 , PRIMALUNA 23819', '0341 980397', NULL, NULL, NULL, NULL, NULL, 0, NULL, 'A', NULL),
	('info@metalmonga.it', NULL, 'METAL MONGA DI MONGA STEFANO', 'VIA STATALE 107 , MANDELLO DEL LARIO 23826', '0341 701112', NULL, NULL, NULL, NULL, NULL, 0, NULL, 'A', NULL),
	('info@mgteck.com', NULL, 'MGTECK', 'PIAZZETTA TEODOLINDA 26, MISSAGLIA 23873', '0399907305', NULL, NULL, NULL, NULL, NULL, 0, NULL, 'A', NULL),
	('info@morganzanni.it', NULL, 'MORGAN ZANNI PROGETTAZIONE MECCANICA', 'VIA CAMPOLASCO 4 , BULCIAGO 23892', '031 861423', NULL, NULL, NULL, NULL, NULL, 0, NULL, 'A', NULL),
	('info@mpmstampi.it', NULL, 'MPM DI PANZERI MARIO SAS', 'VIA SPINO 9/B , ROGENO 23849', '031866483', NULL, NULL, NULL, NULL, NULL, 0, NULL, 'A', NULL),
	('info@msys.it', NULL, 'MICROSYS SRL', 'VIA A. DA RECANATE 1 , MILANO 20124', '02 30370701', NULL, NULL, NULL, NULL, NULL, 0, NULL, 'A', NULL),
	('info@nextev.it', NULL, 'NEXTEV SRL', 'VIA MANZONI 37 , MONZA 20900', '0343 36185', NULL, NULL, NULL, NULL, NULL, 0, NULL, 'A', NULL),
	('info@nttech.it', NULL, 'NTT SRL', 'VIA DELLA BANDAGERA 5, VIGANO\' 23897', '039 956597', NULL, NULL, NULL, NULL, NULL, 0, NULL, 'A', NULL),
	('info@officinabonacina.com', NULL, 'OFFICINA BONACINA', 'VIA PALUDE 8 , CALOLZIOCORTE 23801', '0341 680204', NULL, NULL, NULL, NULL, NULL, 0, NULL, 'A', NULL),
	('INFO@OFFICINAMASCHERI.IT', NULL, 'OFFICINA MECCANICA MASCHERI GIACOMO SNC', 'VIA ROMA 47 , CORTENOVA 23813', '0341 901172', NULL, NULL, NULL, NULL, NULL, 0, NULL, 'A', NULL),
	('info@officinegualco.com', NULL, 'OFFICINA MECCANICA GUALCO', 'VIA CASCINA CALIFORNIA 34/36 , ERBA 22036', '031 642140', NULL, NULL, NULL, NULL, NULL, 0, NULL, 'A', NULL),
	('info@officinesantafede.com', NULL, 'OFFICINE SANTAFEDE', 'VIA FREGERA 1 , PRIMALUNA 23819', '0341988411', NULL, NULL, NULL, NULL, NULL, 0, NULL, 'A', NULL),
	('info@omb-stampi.com', NULL, 'O.M.B. di Dario Bonacina & c. sas', 'VIA G.B.MORONI 1 , CALOLZIOCORTE 23801', '0341 633029', NULL, NULL, NULL, NULL, NULL, 0, NULL, 'A', NULL),
	('info@omc-corti.com', NULL, 'OMC DI GILBERTO CORTI', 'VIA L. GRASSI 43 , OLGINATE 23854', '0341 660270', NULL, NULL, NULL, NULL, NULL, 0, NULL, 'A', NULL),
	('info@omcbcombi.it', NULL, 'O.M.C.B. - F.LLI COMBI SNC', 'VIA ALDO MORO 6 , BALLABIO 23811', '0341530551', NULL, NULL, NULL, NULL, NULL, 0, NULL, 'A', NULL),
	('info@omeba.it', NULL, 'OMEBA SRL', 'VIA ROMA 65, PREMANA 23834', '0341 890779', NULL, NULL, NULL, NULL, NULL, 0, NULL, 'A', NULL),
	('info@omggerosa.it', NULL, 'NIMEC SRL', 'VIA LEONARDO DA VINCI 10 , COSTAMASNAGA 23845', '031 879437', NULL, NULL, NULL, NULL, NULL, 0, NULL, 'A', NULL),
	('info@padredanielecoop.it', NULL, 'COOPERATIVA SOCIALE PADRE DANIELE BADIALI ONLUS', 'VIA S. MAYER 6 , CISANO BERGAMASCO 24034', '035 4364508', NULL, NULL, NULL, NULL, NULL, 0, NULL, 'A', NULL),
	('info@panificiociresa.it', NULL, 'CIRESA MARIO & SAS', 'VIA CAPODISTRIA 18 , LECCO 23900', '0341 365037', NULL, NULL, NULL, NULL, NULL, 0, NULL, 'A', NULL),
	('info@pavanello-srl.it', NULL, 'PAVANELLO SRL', 'VIA MOLTENO 39 , GARBAGNATE MONASTERO 23846', '031 850224', NULL, NULL, NULL, NULL, NULL, 0, NULL, 'A', NULL),
	('info@pigiesse.com', NULL, 'Pigiesse srl', 'Corso Promessi Sposi 15, Lecco 23900', '3495039544', NULL, NULL, NULL, NULL, NULL, 0, NULL, 'A', NULL),
	('info@piroservice.it', NULL, 'PIRO SERVICE SNC', 'VIA RISORGIMENTO 77 , LECCO 23900', '0341 284949', NULL, NULL, NULL, NULL, NULL, 0, NULL, 'A', NULL),
	('info@pitek.it', NULL, 'PITEK di POZZONI SIMONE', 'VIA PAPA GIOVANNI XXIII 20 , LECCO 23900', '0341 363201', NULL, NULL, NULL, NULL, NULL, 0, NULL, 'A', NULL),
	('info@pixela.it', NULL, 'PIXELA SRL', 'VICOLO DELLA TORRE 2, LECCO 23900', '3403862031', NULL, NULL, NULL, NULL, NULL, 0, NULL, 'A', NULL),
	('info@pmv-valsecchi.it', NULL, 'PMV di Valsecchi Paolo', 'Via Francesco Nullo 6, Cisano Bergamasco 24034', '+393383765781', NULL, NULL, NULL, NULL, NULL, 0, NULL, 'A', NULL),
	('info@polimedsantacaterina.it', NULL, 'POLIMED SANTA CATERINA SRL', 'VIA SANTA CATERINA 1, Introbio 23815', '3494628186', NULL, NULL, NULL, NULL, NULL, 0, NULL, 'A', NULL),
	('info@polvara.it', NULL, 'CARROZZERIA VALSASSINESE POLVARA SRL', 'VIA PROVINCIALE 169 , PRIMALUNA 23819', '0341 979854', NULL, NULL, NULL, NULL, NULL, 0, NULL, 'A', NULL),
	('info@pozziprogeco.com', NULL, 'POZZI PROGE.CO SRL', 'CORSO MATTEOTTI 8/A , LECCO 23900', '0341651776', NULL, NULL, NULL, NULL, NULL, 0, NULL, 'A', NULL),
	('info@pryymametec.it', NULL, 'PRYYMAMEC', 'VICOLO CAPAGIOLO 7/A , CASSAGO BRIANZA 23893', '039 9272219', NULL, NULL, NULL, NULL, NULL, 0, NULL, 'A', NULL),
	('info@rapitech.it', NULL, 'RAPITECH SRL', 'VIALE VALSUGANA 5 , LECCO 23900', '0341 363706', NULL, NULL, NULL, NULL, NULL, 0, NULL, 'A', NULL),
	('info@salaepanzeri.it', NULL, 'Officina Sala e Panzeri stl', 'Via Don Airoldi 15, Olginate 23854', '0341605206', NULL, NULL, NULL, NULL, NULL, 0, NULL, 'A', NULL),
	('info@SCTINFORMATICA.IT', NULL, 'S.C.T. INFORMATICA SRL', 'CORSO EMANUELE FILIBERTO 8/A 8/A, LECCO 23900', '0341 422929', NULL, NULL, NULL, NULL, NULL, 0, NULL, 'A', NULL),
	('info@securemme.it', NULL, 'SECUREMME SRL', 'VIA CONCORDIA 28/30 , OLGINATE 23854', '0341 605243', NULL, NULL, NULL, NULL, NULL, 0, NULL, 'A', NULL),
	('info@selectrasrl.it', NULL, 'SELECTRA SRL', 'VIA DELLE BRIGOLE 4 , PADERNO D\'ADDA 23877', '039 513012', NULL, NULL, NULL, NULL, NULL, 0, NULL, 'A', NULL),
	('info@sepoitalia.it', NULL, 'Se.Po. di Pozzi Sergio', 'Via Concordia 41-43, Olginate 23854', '+390341605056', NULL, NULL, NULL, NULL, NULL, 0, NULL, 'A', NULL),
	('info@sileaspa.it', NULL, 'SILEA s.p.a', 'VIA L.VASSENA 6 , VALMADRERA 23868', '0341204441', NULL, NULL, NULL, NULL, NULL, 0, NULL, 'A', NULL),
	('info@simeenergia.eu', NULL, 'SIME ENERGIA', 'VIA RAMPAZZINI 7 , CREMA 26013', '0373 31425 - 340 1737570', NULL, NULL, NULL, NULL, NULL, 0, NULL, 'A', NULL),
	('info@sineresi.it', NULL, 'SINERESI SOCIETÀ COOPERATIVA SOCIALE', 'VIA BALICCO 11, LECCO 23900', '0341362281', NULL, NULL, NULL, NULL, NULL, 0, NULL, 'A', NULL),
	('info@sovereign.it', NULL, 'SOVEREIGN AUTOMATION SRL', 'VIA DELLA PACE 1, CIVATE 23862', '0341 551106', NULL, NULL, NULL, NULL, NULL, 0, NULL, 'A', NULL),
	('info@spazioser.it', NULL, 'SPAZIO SER di Brigatti Mario', 'VIA PRIVATA SANTA MARIA 5 , LECCO 23900', '338 7115741', NULL, NULL, NULL, NULL, NULL, 0, NULL, 'A', NULL),
	('info@spreaficofratelli.it', NULL, 'FRATELLI SPREAFICO SRL', 'VIA CIMABUE 30 , LECCO 23900', '0341 364511', NULL, NULL, NULL, NULL, NULL, 0, NULL, 'A', NULL),
	('info@stamperiadiscarenna.it', NULL, 'STAMPERIA DI SCARENNA S.R.L.', 'VIA PER  CASLINO 58, ASSO 22030', '031 681365', NULL, NULL, NULL, NULL, NULL, 0, NULL, 'A', NULL),
	('info@studio grecosnc.it', NULL, 'STUDIO GRECO SAS', 'VIA ROMA 92 , MALGRATE 23855', '3484005761', NULL, NULL, NULL, NULL, NULL, 0, NULL, 'A', NULL),
	('INFO@STUDIOBOLLACI.IT', NULL, 'STUDIO TECNICO ASSOCIATO BOLLACI E ARREGHINI', 'VIA FOPPA 7 , ARCORE  20862', '039 617252', NULL, NULL, NULL, NULL, NULL, 0, NULL, 'A', NULL),
	('info@studiolegalecorticolombo.it', NULL, 'STUDIO LEGALE ASSOCIATO CORTI - COLOMBO', 'VIA AZZONE VISCONTI 24 , LECCO 23900', '0341 363756', NULL, NULL, NULL, NULL, NULL, 0, NULL, 'A', NULL),
	('info@studiopizzol.com', NULL, 'STUDIO PIZZOL VETRATE ARTISTICHE', 'VIA 1° MAGGIO 3 , MISSAGLIA 23807', '039 9240061', NULL, NULL, NULL, NULL, NULL, 0, NULL, 'A', NULL),
	('info@tech-e-informatica.it', NULL, 'TECH. e INFORMATICA e C. SAS', 'VIA DON RONCHI 21 , DOLZAGO 23843', '0341 578678', NULL, NULL, NULL, NULL, NULL, 0, NULL, 'A', NULL),
	('info@termosama.it', NULL, 'SAMA\' SRL', 'CORSO PROMESSI SPOSI 23/B , LECCO 23900', '0341 1885728', NULL, NULL, NULL, NULL, NULL, 0, NULL, 'A', NULL),
	('info@tl3.it', NULL, 'TECHNOLAB3 SRL', 'VIA FELLBACH 14 14, ERBA 22036', '031 3334032', NULL, NULL, NULL, NULL, NULL, 0, NULL, 'A', NULL),
	('info@torneriacolombo.it', NULL, 'TORNERIA AUTOMATICA ALFREDO COLOMBO SRL', 'VIA MILANO 13 , VERDERIO 23879', '039 58112', NULL, NULL, NULL, NULL, NULL, 0, NULL, 'A', NULL),
	('info@tornirefacile.it', NULL, 'AL.MA.CO. S.a.s. di Colombo Manuel & C.', 'via del donatore 26, Airuno 23881', '0399943228', NULL, NULL, NULL, NULL, NULL, 0, NULL, 'A', NULL),
	('info@tosettil.me', NULL, 'TOSETTIL.ME di LORENZO TOSETTI', 'VIA GIULIO FIOCCHI 2 , LECCO 23900', '331 2017472', NULL, NULL, NULL, NULL, NULL, 0, NULL, 'A', NULL),
	('info@ufp.it', NULL, 'U.F.P. SRL', 'VIA S. M. PELLETTIER 4 , MONZA 20900', '039 9240094', NULL, NULL, NULL, NULL, NULL, 0, NULL, 'A', NULL),
	('INFO@upgradesrl.com', NULL, 'UPGRADE SRL', 'VIA BELFIORE 31/D , LECCO 23900', '0341 850268', NULL, NULL, NULL, NULL, NULL, 0, NULL, 'A', NULL),
	('info@vacuumatteis.it', NULL, 'VACUUMATTEIS SRL', 'VIA ROMA 4 , MONTE MARENZO 23804', '0341 634912', NULL, NULL, NULL, NULL, NULL, 0, NULL, 'A', NULL),
	('info@valforge.it', NULL, 'VALFORGE SRL', 'VIA PROVINCIALE 41/43 , CORTENOVA 23813', '0341 901579', NULL, NULL, NULL, NULL, NULL, 0, NULL, 'A', NULL),
	('info@vdglab.com', NULL, 'Vdglab s.r.l.', 'Via Balicco 67, Lecco 23900', '03411716627', NULL, NULL, NULL, NULL, NULL, 0, NULL, 'A', NULL),
	('info@viemmesnc.com', NULL, 'VIEMME SNC', 'VIA PROVINCIALE BINDO 51 , CORTENOVA 23813', '0341 819165', NULL, NULL, NULL, NULL, NULL, 0, NULL, 'A', NULL),
	('INFO@VULCANOS.IT', NULL, 'VULCANO SAS', 'VIA MEDAGLIE D\'ORO 14 , USMATE VELATE 20865', '0341 631058', NULL, NULL, NULL, NULL, NULL, 0, NULL, 'A', NULL),
	('info@walmamec.com', NULL, 'WALMAMEC SRL', 'VIA CAMPAGNOLA 31/A , OLGINATE 23854', '0341 680619', NULL, NULL, NULL, NULL, NULL, 0, NULL, 'A', NULL),
	('info@wirebelttechnology.com', NULL, 'WIRE BELT TECHNOLOGY SRL', 'VIA XXV APRILE 2 , MONTE MARENZO 23801', '0341632080', NULL, NULL, NULL, NULL, NULL, 0, NULL, 'A', NULL),
	('info@wirecut.it', NULL, 'WIRE - CUT SRL', 'VIA GB MORONI 3 , CALOLZIOCORTE 23801', '0341 633217', NULL, NULL, NULL, NULL, NULL, 0, NULL, 'A', NULL),
	('info@wirelombardia.com', NULL, 'OMC - WIRELOMBARDIA SRL', 'VIA LIBERO GRASSI 43 , OLGINATE 23854', '0341 660270', NULL, NULL, NULL, NULL, NULL, 0, NULL, 'A', NULL),
	('infoveterinariolecco.it', NULL, 'CLINICA VETERINARIA CITTA\' DI LECCO', 'CORSO MATTEOTTI 29 , LECCO 23900', '0341 1840029', NULL, NULL, NULL, NULL, NULL, 0, NULL, 'A', NULL),
	('irene.palmiotti@alvit.it', NULL, 'ALVIT SRL', 'VIA PADANIA 6 , BIASSONO 20853', '039 2497874', NULL, NULL, NULL, NULL, NULL, 0, NULL, 'A', NULL),
	('isabella.galbiati@st.com', NULL, 'STMicroelectronics SRL', 'VIA CAMILLO OLIVETTI 2, AGRATE BRIANZA 20864', '0396031', NULL, NULL, NULL, NULL, NULL, 0, NULL, 'A', NULL),
	('isabella.piloni@piloni.it', NULL, 'PILONI SRL', 'VIA PERGOLA 75, LECCO 23900', '0341 282157', NULL, NULL, NULL, NULL, NULL, 0, NULL, 'A', NULL),
	('ist.scol.s.antida@tiscali.it', NULL, 'ISTITUTO DELLE SUORE DELLA CARITA\'', 'CIRCONVALLAZIONE CLODIA 3 , ROMA 00195', '0341 731135', NULL, NULL, NULL, NULL, NULL, 0, NULL, 'A', NULL),
	('istruzione@comune.lecco.it', NULL, 'COMUNE DI LECCO', 'PIAZZA DIAZ 1 , LECCO 23900', '0341 481111', NULL, NULL, NULL, NULL, NULL, 0, NULL, 'A', NULL),
	('jessica.corti@costampgroup.it', NULL, 'COSTAMP GROUP S.P.A.', 'VIA VERDI 6, SIRONE 23844', '031875195', NULL, NULL, NULL, NULL, NULL, 0, NULL, 'A', NULL),
	('kre.srl@tiscali.it', NULL, 'K.R.C. SRL', 'VIA CERCE\' 16 , BOSISIO PARINI 23842', '031 876139', NULL, NULL, NULL, NULL, NULL, 0, NULL, 'A', NULL),
	('kris.lemmens@kone.com', NULL, 'KONE LIFTEN', 'Keilasatama 3 , P.O. Box 7 , ,   Espoo , Finland 0', '+32 3 239 98 85', NULL, NULL, NULL, NULL, NULL, 0, NULL, 'A', NULL),
	('l.rigamonti@rigamonti-spa.it', NULL, 'RIGAMONTI SRL', 'VIA PROVINCIALE 57 , GARBAGNATE MONASTERO 23846', '031 853439', NULL, NULL, NULL, NULL, NULL, 0, NULL, 'A', NULL),
	('lara.mazzoleni@mazzoleniformaggi.it', NULL, 'MAZZOLENI LUCIO', 'VIA NAZIONALE 147 , ABBADIA LARIANA 23821', '0341 731147', NULL, NULL, NULL, NULL, NULL, 0, NULL, 'A', NULL),
	('lasertecnologie@libero.it', NULL, 'LASER di Davide Gilardi', 'VIA SENTIERO PER MAGGIANA 6/8 , MANDELLO DEL LARIO', '335 366117', NULL, NULL, NULL, NULL, NULL, 0, NULL, 'A', NULL),
	('laura.andreana@nespoligroup.com', NULL, 'NESPOLI SRL', 'VIA KENNEDY 1/A , TRIUGGIO 20844', '031 735400', NULL, NULL, NULL, NULL, NULL, 0, NULL, 'A', NULL),
	('laura.leoni@growermetal.it', NULL, 'GROWERMETAL SRL', 'VIA NAZIONALE 3 , CALCO 23885', '039 9535300', NULL, NULL, NULL, NULL, NULL, 0, NULL, 'A', NULL),
	('laura.passoni@velp.it', NULL, 'VELP SCIENTIFICA SRL', 'VIA STAZIONE 16, USMATE VELATE 20865', '039 628811', NULL, NULL, NULL, NULL, NULL, 0, NULL, 'A', NULL),
	('laura.vitali@gimoka.it', NULL, 'GRUPPO GIMOKA SRL', 'VIA MARCONI 18 , TREZZANO SUL NAVIGLIO 20090', '0342 685392', NULL, NULL, NULL, NULL, NULL, 0, NULL, 'A', NULL),
	('laura@pirovanoluigi.it', NULL, 'PIROVANO LUIGI SRL', 'VIA AI PASCOLI  , ANNONE BRIANZA 23841', '0341 577513', NULL, NULL, NULL, NULL, NULL, 0, NULL, 'A', NULL),
	('lavinia.freddi@enet.it', NULL, 'AVV. LAVINIA FREDDI', 'VIA ROMA 39 , PESCATE 23855', '0341 285116', NULL, NULL, NULL, NULL, NULL, 0, NULL, 'A', NULL),
	('lavoro@iisbadoni.edu.it', NULL, 'I.I.S. S. TEN. VASC. A. BADONI', 'VIA RIVOLTA 10, LECCO 23900', '0341 365339', NULL, NULL, NULL, NULL, NULL, 0, NULL, 'A', NULL),
	('lbonfanti@igus.de', NULL, 'IGUS SRL', 'VIA DELLE ROVEDINE , ROBBIATE 23899', '039 5906203', NULL, NULL, NULL, NULL, NULL, 0, NULL, 'A', NULL),
	('lcic802001@istruzione.it', NULL, 'ISTITUTO COMPRENSIVO STATALE PREMANA', 'VIA PAPA LUCIANI 2 , PREMANA 23834', '3397989678', NULL, NULL, NULL, NULL, NULL, 0, NULL, 'A', NULL),
	('lcic81700p@istruzione.it', NULL, 'ISTITUTO COMPRENSIVO OLGIATE MOLGORA', 'VIA SOMMI PICENARDI 3 , OLGIATE MOLGORA 23887', '039 508008', NULL, NULL, NULL, NULL, NULL, 0, NULL, 'A', NULL),
	('lcic81900a@istruzione.it', NULL, 'ISTITUTO COMPRENSIVO STATALE OLGINATE', 'VIA REDAELLI 16/A , OLGINATE 23854', '0341 681423', NULL, NULL, NULL, NULL, NULL, 0, NULL, 'A', NULL),
	('LCIC82000E@ISTRUZIONE.IT', NULL, 'ISTITUTO COMPRENSIVO GALBIATE', 'VIA UNITA\' D\'ITALIA 9 , GALBIATE 23851', '0341 2414242', NULL, NULL, NULL, NULL, NULL, 0, NULL, 'A', NULL),
	('lcic82600d@istruzione.it', NULL, 'ISTITUTO COMPRENSIVO STATALE LECCO 3', 'VIA ACHILLE GRANDI 35 , LECCO 23900', '0341 363137', NULL, NULL, NULL, NULL, NULL, 0, NULL, 'A', NULL),
	('lcic828005@istruzione.it', NULL, 'ISTITUTO COMPRENSIVO STATALE DI CIVATE', 'VIA ABATE LONGONI 2 , CIVATE 23862', '0341 550645', NULL, NULL, NULL, NULL, NULL, 0, NULL, 'A', NULL),
	('lcis008004@istruzione.it', NULL, 'ISTITUTO SUPERIORE "LORENZO ROTA"', 'VIA LAVELLO 17 , CALOLZIOCORTE 23801', '0341 633156', NULL, NULL, NULL, NULL, NULL, 0, NULL, 'A', NULL),
	('lele@leleparquet.com', NULL, 'LELE PARQUET SRL', 'Via delle Bazzone 2/A, GALBIATE 23851', '0341540474', NULL, NULL, NULL, NULL, NULL, 0, NULL, 'A', NULL),
	('letizia.dornetti@nwglobalvendingspa.com', NULL, 'NEW GLOBAL VENDING SPA', 'VIA TOMMASO GROSSI 2 , MILANO 20121', '035 606558', NULL, NULL, NULL, NULL, NULL, 0, NULL, 'A', NULL),
	('liberisogni@gmail.com', NULL, 'COOPERATIVA SOCIALE LIBERI SOGNI ONLUS', 'VIA SAN CARLO 13 , CALOLZIOCORTE 23801', 'N/A', NULL, NULL, NULL, NULL, NULL, 0, NULL, 'A', NULL),
	('lidiariva@gierrescala.com', NULL, 'GIERRE SRL', 'VIA 1° MAGGIO 1 e 6 , OLGINATE 23854', '0341 681014', NULL, NULL, NULL, NULL, NULL, 0, NULL, 'A', NULL),
	('livigno@studiolps.it', NULL, 'LABORATORIO DI PROGETTAZIONE SOSTENIBILE', 'VIA CANTON 278 , LIVIGNO 23030', '0342997543', NULL, NULL, NULL, NULL, NULL, 0, NULL, 'A', NULL),
	('livio.losa@ondainformatica.it', NULL, 'ONDA INFORMATICA SRL', 'VIA SCIPIONE L\'AFRICANO 5 , ROSETO DEGLI ABRUZZI 6', '035 787694', NULL, NULL, NULL, NULL, NULL, 0, NULL, 'A', NULL),
	('loredana.lussiardi@monticelli-michele.com', NULL, 'MONTICELLI MICHELE SRL', 'VIA XXV APRILE 24, PRIMALUNA 23819', '3478110953', NULL, NULL, NULL, NULL, NULL, 0, NULL, 'A', NULL),
	('loredana.riva@deltacolor.com', NULL, 'DELTACALOR SRL', 'VIA MAZZINI , CALOLZIOCORTE 23801', '0341 644995', NULL, NULL, NULL, NULL, NULL, 0, NULL, 'A', NULL),
	('lorena.alietti@valland.it', NULL, 'VALLAND SPA', 'CORSO MATTEOTTI 8/A , LECCO 23900', '0342 682179', NULL, NULL, NULL, NULL, NULL, 0, NULL, 'A', NULL),
	('lorenza.chiappucci@ome.it', NULL, 'OME METALLURGICA ERBESE SRL', 'CORSO VENEZIA 36, MILANO 20121', '031 641606', NULL, NULL, NULL, NULL, NULL, 0, NULL, 'A', NULL),
	('lorenzo.gianola@rel.it', NULL, 'REL SRL', 'VIA AZZECCAGARBUGLI 7 , LECCO 23900', '0341 499418', NULL, NULL, NULL, NULL, NULL, 0, NULL, 'A', NULL),
	('luca.perego@flaconservice.it', NULL, 'Flacon Service Srl', 'via Calendone 22, Olgiate Molgora 23887', '0399910082', NULL, NULL, NULL, NULL, NULL, 0, NULL, 'A', NULL),
	('luca@datriks.net', NULL, 'DATRIK SOLUTIONS DI TRIACCHINI LUCA', 'VIA ITALIA 3/A , CASARGO 23831', '0341840108', NULL, NULL, NULL, NULL, NULL, 0, NULL, 'A', NULL),
	('luca@plasticpanda.com', NULL, 'PLASTIC PANDA SNC', 'VIALE ROMAGNA 73 , MILANO 20133', '338 7798613', NULL, NULL, NULL, NULL, NULL, 0, NULL, 'A', NULL),
	('lucia.sirico@colombimollificio.com', NULL, 'COLOMBI MOLLIFICIO SPA', 'VIALE XXV APRILE 45, VALMADRERA 23868', '0341081215', NULL, NULL, NULL, NULL, NULL, 0, NULL, 'A', NULL),
	('lucia.sirico@colombomollificio.com', NULL, 'MOLLIFICIO COLOMBO SRL VECCHIO', 'VIA VERDI 10, VERCURAGO 23808', '0341 420475', NULL, NULL, NULL, NULL, NULL, 0, NULL, 'A', NULL),
	('lucia@vimoautomazioni.it', NULL, 'VIMO AUTOMAZIONI', 'VIA PERLASCA 8/A , CREMELLA 3894', '039 9272597', NULL, NULL, NULL, NULL, NULL, 0, NULL, 'A', NULL),
	('luigi.buzzi@comini.eu', NULL, 'COMINI SRL', 'VIA PROVINCIALE 21 , CIVATE 23862', '0341 210270', NULL, NULL, NULL, NULL, NULL, 0, NULL, 'A', NULL),
	('luigi.castagna@hubo.it', NULL, 'HUBO AUTOMATION SRL', 'VIA DELLE INDUSTRIE 1, CIVATE 23862', '0341 550593', NULL, NULL, NULL, NULL, NULL, 0, NULL, 'A', NULL),
	('m.dadda@montecosrl.com', NULL, 'MONTECO SRL', 'VIA DELLE ROVEDINE 48 , ROBBIATE 23899', '039 9281123', NULL, NULL, NULL, NULL, NULL, 0, NULL, 'A', NULL),
	('m.dozio@larioreti.it', NULL, 'IDROSERVICE SRL', 'VIA FIANDRA 13 , LECCO 23900', '0341 359111', NULL, NULL, NULL, NULL, NULL, 0, NULL, 'A', NULL),
	('m.ferrari@ferrariassociati.com', NULL, 'STUDIO FERRARI & ASSOCIATI', 'CORSO MARTIRI DELLA LIBERAZIONE 28, LECCO 23900', '0341 288547', NULL, NULL, NULL, NULL, NULL, 0, NULL, 'A', NULL),
	('m.fumagalli@hpe-power.it', NULL, 'HIGH POWER EQUIPMENT SRL', 'VIA SCAGNELLO 26 , CALCO 23885', '039 508847', NULL, NULL, NULL, NULL, NULL, 0, NULL, 'A', NULL),
	('m.mapelli@varo.it', NULL, 'VARO SRL', 'VIA ROMA 87 , VALMADRERA 23868', '0341 580164', NULL, NULL, NULL, NULL, NULL, 0, NULL, 'A', NULL),
	('maansnc@libero.it', NULL, 'MAAN SRL', 'VIA AI CAMPI 2 , ROGENO 23849', '031 870173', NULL, NULL, NULL, NULL, NULL, 0, NULL, 'A', NULL),
	('MAFRADUE@MAFRADUE.191.IT', NULL, 'MAFRA DUE SRL', 'VIA PRIVATA C. BATTISTI 1 , MILANO 20122', '0341 682218', NULL, NULL, NULL, NULL, NULL, 0, NULL, 'A', NULL),
	('mail@proget-lc.it', NULL, 'PROGET SRL', 'VIA VITTORIO VENETO 4 , INTROBIO 23815', '0341 980577', NULL, NULL, NULL, NULL, NULL, 0, NULL, 'A', NULL),
	('makoshark@mako-shark.com', NULL, 'MAKO SHARK SRL', 'VIALE MONTECUCCOLI 16 , DOLZAGO 23843', '0341 451392', NULL, NULL, NULL, NULL, NULL, 0, NULL, 'A', NULL),
	('manuela.pavano@mollificio-pavano.it', NULL, 'MOLLIFICIO PAVANO SPA', 'VIA OVERIJSE 3, LECCO 23900', '0341420274', NULL, NULL, NULL, NULL, NULL, 0, NULL, 'A', NULL),
	('marco.colombi@mollificiolecchese.it', NULL, 'MOLLIFICIO LECCHESE', 'VIA LA SANTA VECCHIA 96 , VALMADRERA 23868', '0341 550600', NULL, NULL, NULL, NULL, NULL, 0, NULL, 'A', NULL),
	('maria.lupone@istruzione.it', NULL, 'ISTITUTO COMPRENSIVO STATALE DI VALMADRERA', 'VIA FRA CRISTOFORO 6 , VALMADRERA 23868', '341582642', NULL, NULL, NULL, NULL, NULL, 0, NULL, 'A', NULL),
	('maria@chimasrl.com', NULL, 'CHIMA SRL', 'VIA SANT\'EGIDIO 31, Lecco 23900', '0341255225', NULL, NULL, NULL, NULL, NULL, 0, NULL, 'A', NULL),
	('marie.roobaert@reynaers.com', NULL, 'REYNAERS ALUMINIUM', 'Oude Liersebaan 266 ,   Duffel 2570', '0032  15 308 539', NULL, NULL, NULL, NULL, NULL, 0, NULL, 'A', NULL),
	('marina.tavola@opac.it', NULL, 'O-PAC SRL Società a Socio Unico', 'VIA AL MOGNAGO 42 , OGGIONO 23848', '0341 581856', NULL, NULL, NULL, NULL, NULL, 0, NULL, 'A', NULL),
	('mariomazza0@gmail.com', NULL, 'MAZZA MARIO', 'VIA CIMAROSA 5/A, Delebio 23014', '33569434333', NULL, NULL, NULL, NULL, NULL, 0, NULL, 'A', NULL),
	('marta.invernizzi@simecon.it', NULL, 'SIMECON', 'VIA AZZECCAGARBUGLI 5, LECCO 23900', '0341 495343', NULL, NULL, NULL, NULL, NULL, 0, NULL, 'A', NULL),
	('marta@timack.it', NULL, 'TIMACK SRL UNIPERSONALE', 'VIA XI SETTEMBRE 8, CALCO 23885', '0341.350403', NULL, NULL, NULL, NULL, NULL, 0, NULL, 'A', NULL),
	('martina.penati@technoprobe.com', NULL, 'TECHNOPROBE SPA', 'VIA CAVALIERI DI VITTORIO VENETO 2, CERNUSCO LOMBA', '039 999251', NULL, NULL, NULL, NULL, NULL, 0, NULL, 'A', NULL),
	('marzia@sve-zia.com', NULL, 'SVE.ZIA SRL', 'V.LE VITTORIO VENETO 4, ELLO 23848', 'N/A', NULL, NULL, NULL, NULL, NULL, 0, NULL, 'A', NULL),
	('mason.federica@cemb.com', NULL, 'CEMB SPA', 'VIA RISORGIMENTO 9, MANDELLO DEL LARIO 23826', '0341706111', NULL, NULL, NULL, NULL, NULL, 0, NULL, 'A', NULL),
	('massimo.danesi@ima.it', NULL, 'IMA RECORD SPA', 'VIA ITALIA 46, GARBAGNATE MONASTERO 23846', '031850607', NULL, NULL, NULL, NULL, NULL, 0, NULL, 'A', NULL),
	('massimo.pesenti@prym.com', NULL, 'Prym Fashion Italia srl', 'Via Col di Lana 3, Lecco 23900', '0341297111', NULL, NULL, NULL, NULL, NULL, 0, NULL, 'A', NULL),
	('massimovaudano@italcap.com', NULL, 'ITALCAP SRL', 'VIA VALENTINO 126 , VERRUA SAVOIA 10020', '0341 350427', NULL, NULL, NULL, NULL, NULL, 0, NULL, 'A', NULL),
	('matroneluca@gmail.com', NULL, 'ELECTRONICSPACE', 'VIA STATALE 71 , MERATE 23807', '039 8964864', NULL, NULL, NULL, NULL, NULL, 0, NULL, 'A', NULL),
	('matteo.bonaiti@gmail.com', NULL, 'LE FORBESETTE SOCIETA\' AGRICOLA', 'FRAZ. CARIGONE  , MORTERONE 23811', '333 4384706', NULL, NULL, NULL, NULL, NULL, 0, NULL, 'A', NULL),
	('matteo@educom.it', NULL, 'EDUCOM SPA', 'VIA PER BROSETA 180, PONTIDA 24030', '035 0950860', NULL, NULL, NULL, NULL, NULL, 0, NULL, 'A', NULL),
	('matteo@orbita.it', NULL, 'ORBITA SRL', 'VIA PARINI 17 , CESANA BRIANZA 23861', '031 655727', NULL, NULL, NULL, NULL, NULL, 0, NULL, 'A', NULL),
	('mattia@nevicatomattia.it', NULL, 'NEVICATO MATTIA', 'VIA REPUBBLICA 15 , PREMANA 23834', '0341 890232', NULL, NULL, NULL, NULL, NULL, 0, NULL, 'A', NULL),
	('MAURIZIO.MAGGIONI@COMEPI.IT', NULL, 'COMEPI', 'VIA NOVARINO 9/L , ROBBIATE 23899', '039 9903468', NULL, NULL, NULL, NULL, NULL, 0, NULL, 'A', NULL),
	('maurizio.regazzoni@espritsrl.it', NULL, 'ESPRIT SRL', 'VIA CALDONE 10, LECCO 23900', '0341 323576', NULL, NULL, NULL, NULL, NULL, 0, NULL, 'A', NULL),
	('mc2f@mc2fsrl.com', NULL, 'MC2F SRL', 'VIA G. MARCONI 180 , BERBENNO di VALTELLINA 23010', '0342 493452', NULL, NULL, NULL, NULL, NULL, 0, NULL, 'A', NULL),
	('mccrotta@mccrotta.it', NULL, 'MC SRL UNIPERSONALE', 'VIA PER MOLTENO 24/1 , OGGIONO 23848', '0341 732743', NULL, NULL, NULL, NULL, NULL, 0, NULL, 'A', NULL),
	('mcosta.advance@gmail.com', NULL, 'ADVANCE SRL A SOCIO UNICO', 'VIA DIAZ 7, LONGONE AL SEGRINO 22030', 'N/A', NULL, NULL, NULL, NULL, NULL, 0, NULL, 'A', NULL),
	('mdevignani.ita@steelgroup.com', NULL, 'I.T.A. SPA', 'PIAZZA MAZZINI 13, LECCO 23900', '0341634742', NULL, NULL, NULL, NULL, NULL, 0, NULL, 'A', NULL),
	('meccaniche.fumagalli@gmail.com', NULL, 'FUMAGALLI DANIELE', 'VIA VERGA 3 , BESANA BRIANZA 20842', '0362 969698', NULL, NULL, NULL, NULL, NULL, 0, NULL, 'A', NULL),
	('mediastudio.sas@gmail.com', NULL, 'MEDIASTUDIO SAS', 'VIA PROMESSI SPOSI 8 , COLLE BRIANZA 23886', '039 9910059', NULL, NULL, NULL, NULL, NULL, 0, NULL, 'A', NULL),
	('mgssrl.anna@gmail.com', NULL, 'M.G.S. SRL', 'VIA MORONATA 14/A 14, OLGINATE 23854', '0341 660160', NULL, NULL, NULL, NULL, NULL, 0, NULL, 'A', NULL),
	('MICAELA.BONANOMI@PLASTECNIC.IT', NULL, 'PLASTECNIC SPA', 'VIA LOMBARDIA 4 , LA VALLETTA BRIANZA  23888', '039 5311271', NULL, NULL, NULL, NULL, NULL, 0, NULL, 'A', NULL),
	('MICHELA@OFFICINAMECCANICAMANZONI.IT', NULL, 'OFFICINA MECCANICA MANZONI CARLO & GIULIO SRL', 'VIA PROVINCIALE SUD 10 , TACENO 23837', '0341 880252', NULL, NULL, NULL, NULL, NULL, 0, NULL, 'A', NULL),
	('micheli.r@alice.it', NULL, 'M.G. SNC di MICHELI e C.', 'STRADA STATALE 95 , MANDELLO DEL LARIO 23826', '0341 700541', NULL, NULL, NULL, NULL, NULL, 0, NULL, 'A', NULL),
	('milena.limonta@telcal.com', NULL, 'TELCAL SRL', 'VIA CASILINA 1110/R , ROMA 00169', '039 999581', NULL, NULL, NULL, NULL, NULL, 0, NULL, 'A', NULL),
	('mirco.pasquini@hotmail.it', NULL, 'LA PUPPOLA di Pasquini Mirco', 'VIA PAPA GIOVANNI XXIII, 11 , MOGGIO 23817', '339 1327728', NULL, NULL, NULL, NULL, NULL, 0, NULL, 'A', NULL),
	('mirella.damarnet.it', NULL, 'DAMAR SRL', 'VIA FAUSTO COPPI 8 , VERDERIO 23879', '039 514260', NULL, NULL, NULL, NULL, NULL, 0, NULL, 'A', NULL),
	('monica.palma@mi.infn.it', NULL, 'ISTITUTO NAZIONALE DI FISICA NUCLEARE Sezione di M', 'VIA CELORIA 16 , MILANO 20133', '0250317650', NULL, NULL, NULL, NULL, NULL, 0, NULL, 'A', NULL),
	('monica@eswsrl.it', NULL, 'ESW SRL', 'VIA MAZZINI 47, PUSIANO 22030', '0341 576948', NULL, NULL, NULL, NULL, NULL, 0, NULL, 'A', NULL),
	('montanellisnc@libero.it', NULL, 'LS MECCANICA SNC', 'CORSO CARLO ALBERTO 122/C , LECCO 23900', '0341 361315', NULL, NULL, NULL, NULL, NULL, 0, NULL, 'A', NULL),
	('mpproject@yahoo.it', NULL, 'MP PROJECT& CONSULTING', 'VIA COMO 42 , ERBA 22036', '335 5842211', NULL, NULL, NULL, NULL, NULL, 0, NULL, 'A', NULL),
	('museo.rossino@gmail.com', NULL, 'PARROCCHIA SAN LORENZO', 'PIAZZA SAN LORENZO 6 , CALOLZIOCORTE 23801', '0341 643259', NULL, NULL, NULL, NULL, NULL, 0, NULL, 'A', NULL),
	('nadia.ferrari@kong.it', NULL, 'KONG SPA', 'VIA XXV APRILE 4 , MONTE MARENZO 23804', '0341 630506', NULL, NULL, NULL, NULL, NULL, 0, NULL, 'A', NULL),
	('nanovisionnanovision.it', NULL, 'NANOVISION srl', 'VIA SANTA MARGHERITA 115 , BRUGHERIO 20861', '039 2878358', NULL, NULL, NULL, NULL, NULL, 0, NULL, 'A', NULL),
	('nelitaly@nel.it', NULL, 'N.E.L. DI MONTANELLI ALDO', 'VIA E. MATTEI 15 , LECCO 23900', '0341 360626', NULL, NULL, NULL, NULL, NULL, 0, NULL, 'A', NULL),
	('nicola.brucculeri@marionava.it', NULL, 'Mario Nava S.p.A.', 'VIA DEI LIVELLI 6, BOSISIO PARINI 23842', '031876182', NULL, NULL, NULL, NULL, NULL, 0, NULL, 'A', NULL),
	('nn@polimi.it', NULL, 'POLITECNICO DI MILANO - sede Lecco', 'PIAZZA LEONARDO DA VINCI 32, MILANO 20133', '0341 488743', NULL, NULL, NULL, NULL, NULL, 0, NULL, 'A', NULL),
	('obarilani@biomec.net', NULL, 'BIOMEC', 'VIA NAZIONALE NORD 21/A , COLICO 23823', '0341 930166', NULL, NULL, NULL, NULL, NULL, 0, NULL, 'A', NULL),
	('offmecc.ma@libero.it', NULL, 'OFFICINA MECCANICA M.A. SRL', 'VIA DON MINZONI 10 , USMATE 20865', '039 670254', NULL, NULL, NULL, NULL, NULL, 0, NULL, 'A', NULL),
	('omc@omcsnc.it', NULL, 'O.M.C. SNC di COLOMBO ANTONIO e C.', 'VIA SANTA VECCHIA 86 , VALMADRERA 23868', '0341 550353', NULL, NULL, NULL, NULL, NULL, 0, NULL, 'A', NULL),
	('omig@omig.it', NULL, 'O.M.I.G. SRL', 'VIA 25 APRILE 11 , OLGINATE 23854', '0341605027', NULL, NULL, NULL, NULL, NULL, 0, NULL, 'A', NULL),
	('omssrl09@libero.it', NULL, 'O.M.S. SRL OFFICINA MECCANICA STAMPI', 'VIA COMANA LUNGA 18 , ERBA 22036', '031 641518', NULL, NULL, NULL, NULL, NULL, 0, NULL, 'A', NULL),
	('ora.snc@virgilio.it', NULL, 'O.R.A. SRL', 'VIA ROMA 291C , PESCATE 23855', '0341 365624', NULL, NULL, NULL, NULL, NULL, 0, NULL, 'A', NULL),
	('oratorio.lecco@gmail.com', NULL, 'PARROCCHIA SAN NICOLO\'', 'VICOLO CANONICA 4 , LECCO 23900', '0341 282403', NULL, NULL, NULL, NULL, NULL, 0, NULL, 'A', NULL),
	('orietta.ripa@libero.it', NULL, 'ASSOCIAZIONE COMUNITA\' DI VIA GAGGIO ONLUS', 'CORSO CARLO CATTANEO 62 , LECCO 23900', '0341 421427', NULL, NULL, NULL, NULL, NULL, 0, NULL, 'A', NULL),
	('osca@osca.it', NULL, 'OSCA - OFFICINE DI CORTENOVA DI OSSOLA CANDIDO & C', 'VIA PROVINCIALE 35, CORTENOVA 23813', '+390341901410', NULL, NULL, NULL, NULL, NULL, 0, NULL, 'A', NULL),
	('OTOMIN@OUTLOOK.COM', NULL, 'OTOMIN SRL', 'VIA PROVINCIALE 41/43 , CORTENOVA 23813', '0341 981586', NULL, NULL, NULL, NULL, NULL, 0, NULL, 'A', NULL),
	('p.brusadelli@aebsistemi.it', NULL, 'A & B SISTEMI SRL', 'VIA SAN MICHELE  - F,ne PONTE VECCHIO 1, GALBIATE ', '0341 681213', NULL, NULL, NULL, NULL, NULL, 0, NULL, 'A', NULL),
	('p.civillini@nuovastame.com', NULL, 'NUOVA STAME SPA', 'VIA N. OXILIA 5, MILANO 20137', '039 9211355', NULL, NULL, NULL, NULL, NULL, 0, NULL, 'A', NULL),
	('p.panzeri@ascom.lecco.it', NULL, 'CONFCOMMERCIO LECCO', 'PIAZZA GARIBALDI 4 , LECCO 23900', '0341 356911', NULL, NULL, NULL, NULL, NULL, 0, NULL, 'A', NULL),
	('p.riva@galbiatigroup.it', NULL, 'GALBIATI GROUP SRL', 'VIA CA\' BIANCA PASCOLO 26 , OGGIONO 23848', '034126331', NULL, NULL, NULL, NULL, NULL, 0, NULL, 'A', NULL),
	('p.vismara@technevalves.com', NULL, 'TECHNE SRL', 'VIA TRIESTE 36D, ERBA (CO) 22036', '031641009', NULL, NULL, NULL, NULL, NULL, 0, NULL, 'A', NULL),
	('paghe@salvade.com', NULL, 'SALVADE\' SRL', 'VIA MANTERO 3, GRANDATE 22070', '031564646', NULL, NULL, NULL, NULL, NULL, 0, NULL, 'A', NULL),
	('pallavologalbiate@hotmail.com', NULL, 'ASD  Pallavolo Galbiate', 'VIA TERESIO OLIVELLI 7 , GALBIATE 23851', '338 8530726', NULL, NULL, NULL, NULL, NULL, 0, NULL, 'A', NULL),
	('pamela.c@mapelli.com', NULL, 'FONDERIA MAPELLI S.R.L.', 'VIA DELL\'INDUSTRIA N. 28 VIA DELL\'INDUSTRIA N. 28,', '3356197599', NULL, NULL, NULL, NULL, NULL, 0, NULL, 'A', NULL),
	('paola.calegari@libraesva.com', NULL, 'LIBRAESVA SRL', 'PIAZZA CERMENATI 11, LECCO 23900', '0341 1880307', NULL, NULL, NULL, NULL, NULL, 0, NULL, 'A', NULL),
	('paola@ombongiovanni.it', NULL, 'O.M.B. SNC DI BONGIOVANNI & C.', 'VIA ALLE VILLETTE 44, MANDELLO DEL LARIO 23826', '0341 732239', NULL, NULL, NULL, NULL, NULL, 0, NULL, 'A', NULL),
	('paoletti8@farmaciapaoletti.191.it', NULL, 'Farmacia Paoletti SAS di Paoletti Lucia & C.', 'Via provinciale 27, Ballabio 23811', '0341530157', NULL, NULL, NULL, NULL, NULL, 0, NULL, 'A', NULL),
	('paolo.lolliceroni@novatexitalia.it', NULL, 'NOVATEX ITALIA SPA', 'VIA PER DOLZAGO 37, OGGIONO 23848', '0341 267611', NULL, NULL, NULL, NULL, NULL, 0, NULL, 'A', NULL),
	('paolo.mazzoleni@telmotor.it', NULL, 'TELMOTOR SPA', 'Via Zanica 91, BERGAMO 24126', '035325111', NULL, NULL, NULL, NULL, NULL, 0, NULL, 'A', NULL),
	('paolo.sacchi@studiosynergia.it', NULL, 'SYNERGIA SNC', 'VIA VASSENA 7 , VALMADRERA 23868', '0341 201487', NULL, NULL, NULL, NULL, NULL, 0, NULL, 'A', NULL),
	('paolo.sala@ff3d.com', NULL, 'FF3D.COM srl', 'VIA AL LAGO 6/A , LECCO 23900', '0341 1895228', NULL, NULL, NULL, NULL, NULL, 0, NULL, 'A', NULL),
	('paruzzif@paruzzisnc.it', NULL, 'PARUZZI F.LLI SNC', 'VIA NAZIONALE NORD 19/B , COLICO 23823', '0341 933211', NULL, NULL, NULL, NULL, NULL, 0, NULL, 'A', NULL),
	('pcto@edoomark.com', NULL, 'EDOOMARK SRL IMPRESA SOCIALE', 'VIALE PAPA GIOVANNI XXIII 118, BERGAMO 24121', '035386297', NULL, NULL, NULL, NULL, NULL, 0, NULL, 'A', NULL),
	('pcto@mangrovia.org', NULL, 'MANGROVIA', 'VIA SAN FILIPPO NERI 3 , LECCO 23900', '345 498842', NULL, NULL, NULL, NULL, NULL, 0, NULL, 'A', NULL),
	('perego.angelo@peregoangelo1.191.it', NULL, 'ARCHITETTO ANGELO PEREGO', 'VIA GAGGIO 39/B , MALGRATE 23864', '0341 201254', NULL, NULL, NULL, NULL, NULL, 0, NULL, 'A', NULL),
	('personale.limonta@limonta.com', NULL, 'LIMONTA INFORMATICA SRL', 'S.S. 36 KM. 36 N. 10 SCALA B N. 10 SCALA B, GARBAG', 'N/A', NULL, NULL, NULL, NULL, NULL, 0, NULL, 'A', NULL),
	('personale@bonfanti.it', NULL, 'BONFANTI SRL', 'VIA SISTINA 121 , ROMA 00187', '035 908911', NULL, NULL, NULL, NULL, NULL, 0, NULL, 'A', NULL),
	('PERSONALE@FRIGERIOETTORE.COM', NULL, 'FRIGERIO ETTORE SPA', 'VIA RISORGIMENTO 9 , LECCO 23900', '0341 1880642', NULL, NULL, NULL, NULL, NULL, 0, NULL, 'A', NULL),
	('personale@gilardoni.it', NULL, 'GILARDONI SPA a SOCIO UNICO', 'PIAZZA LUIGI DI SAVOIA 28, MILANO 20124', '0341 705111', NULL, NULL, NULL, NULL, NULL, 0, NULL, 'A', NULL),
	('personale@gilcil.it', NULL, 'GILARDONI VITTORIO SRL', 'VIALE DELLA COSTITUZIONE 32, MANDELLO DEL LARIO 23', '03417071', NULL, NULL, NULL, NULL, NULL, 0, NULL, 'A', NULL),
	('personale@ipratico.it', NULL, 'IPRATICO SRL', 'CORSO MATTEOTTI 5H, LECCO 23900', '0341 365830', NULL, NULL, NULL, NULL, NULL, 0, NULL, 'A', NULL),
	('personale@norda.it', NULL, 'NORDA SPA', 'VIA INVERIGO 2 , MILANO 20151', '0341 916111', NULL, NULL, NULL, NULL, NULL, 0, NULL, 'A', NULL),
	('persone@sacchi.it', NULL, 'SACCHI GIUSEPPE SPA', 'VIA PRIVATA G. SACCHI 2 , BARZANO\' 23891', '0362 6351', NULL, NULL, NULL, NULL, NULL, 0, NULL, 'A', NULL),
	('pia.anghileri@gmail.com', NULL, 'ISTITUTO COMPRENSIVO STATALE LECCO 1', 'VIA DE GASPERI 20 , LECCO 23900', '333 7281530', NULL, NULL, NULL, NULL, NULL, 0, NULL, 'A', NULL),
	('pier.losa@libero.it', NULL, 'FARMACIA DI PONTIDA', 'VIA LECCO 160 , PONTIDA (BG) 24030', '035 795074', NULL, NULL, NULL, NULL, NULL, 0, NULL, 'A', NULL),
	('pirola@impresapirola.it', NULL, 'IMPRESA PIROLA snc di Pirola ing. Mario & C.', 'VIA PAPA GIOVANNI XXIII 7 , CASTELLO BRIANZA  2388', '039 5311065', NULL, NULL, NULL, NULL, NULL, 0, NULL, 'A', NULL),
	('plosa@gsr.it', NULL, 'GSR SRL', 'CORSO EUROPA, 93 CORSO EUROPA, 93, CALOLZIOCORTE 2', 'N/A', NULL, NULL, NULL, NULL, NULL, 0, NULL, 'A', NULL),
	('posta@ompperego.it', NULL, 'OMP PEREGO SRL', 'VIA GIOVANNI PASCOLI 1 , LA VALLETTA BRIANZA 23888', '039 5310104', NULL, NULL, NULL, NULL, NULL, 0, NULL, 'A', NULL),
	('presidente@cricasatenovo.it', NULL, 'CROCE ROSSA ITALIANA - COMITATO DI CASATENOVO O.D.', 'VIA MONTEREGIO 13 , CASATENOVO 23880', '039 9203800', NULL, NULL, NULL, NULL, NULL, 0, NULL, 'A', NULL),
	('procura.lecco@giustizia.it', NULL, 'PROCURA DELLA REPUBBLICA', 'CORSO PROMESSI SPOSI 27/F , LECCO 23900', '0341 379554', NULL, NULL, NULL, NULL, NULL, 0, NULL, 'A', NULL),
	('productie@desartindustries.be', NULL, 'DESART', 'Venecolaan 11NULL3 , Aalter 9800', '+32 (0)3 489 05 28', NULL, NULL, NULL, NULL, NULL, 0, NULL, 'A', NULL),
	('produzione@cortidomenico.com', NULL, 'CORTI DOMENICO SRL', 'VIA DEL SEMINARIO 34, LECCO 23900', '0341 498344', NULL, NULL, NULL, NULL, NULL, 0, NULL, 'A', NULL),
	('protocollo@comune.malgrate.lc.it', NULL, 'COMUNE DI MALGRATE', 'VIA AGUDIO 10 , MALGRATE 23864', '0341 202000', NULL, NULL, NULL, NULL, NULL, 0, NULL, 'A', NULL),
	('psr.srl@virgilio.it', NULL, 'P.S.R. SRL', 'VIA DON FERRANTE 9 , LECCO 23900', '0341 362141', NULL, NULL, NULL, NULL, NULL, 0, NULL, 'A', NULL),
	('punto.media@tiscali.it', NULL, 'PUNTO MEDIA di BUSI CLAUDIO e SPOTTI ELIO SAS', 'VIA VITTORIO EMENUELE 27/B , INTROBIO 23815', '0341 1885037', NULL, NULL, NULL, NULL, NULL, 0, NULL, 'A', NULL),
	('r.iapello@ptre.it', NULL, 'P.TRE SRL', 'VIA BRODOLINI 59 , LECCO 23900', '0341 423098', NULL, NULL, NULL, NULL, NULL, 0, NULL, 'A', NULL),
	('raffaella@annoni.com', NULL, 'ANNONI ENGINEERING', 'CORSO MARTIRI DELLA LIBERAZIONE 40, LECCO 23900', '0341 593213', NULL, NULL, NULL, NULL, NULL, 0, NULL, 'A', NULL),
	('rammotor@rammotor.eu', NULL, 'R.A.M. DI DELL\'ORO ADRIANA', 'VIA DELLA BOGGIA 44, ELLO 23848', '0341579041', NULL, NULL, NULL, NULL, NULL, 0, NULL, 'A', NULL),
	('ramona.boi@rollon.com', NULL, 'ROLLON SPA', 'VIA TRIESTE 26, VIMERCATE 20871', '039 62591', NULL, NULL, NULL, NULL, NULL, 0, NULL, 'A', NULL),
	('rc.redaelli@libero.it', NULL, 'R.C. di REDAELLI CLAUDIO', 'VIA STENDHAL 6 , PUSIANO 22030', '0341 581780', NULL, NULL, NULL, NULL, NULL, 0, NULL, 'A', NULL),
	('rcolzani@farinapresse.com', NULL, 'FARINA PRESSE SRL UNICO SOCIO', 'VIA PROVINCIALE 31 31, SUELLO 23867', '031 655881', NULL, NULL, NULL, NULL, NULL, 0, NULL, 'A', NULL),
	('RENATO@LEGARFLEX.IT', NULL, 'LEGARFLEX SRL', 'VIA BERGAMO 849 , PONTIDA  24030', '035 795128', NULL, NULL, NULL, NULL, NULL, 0, NULL, 'A', NULL),
	('rfimpianti16@gmail.com', NULL, 'RF IMPIANTI SNC', 'VIA G. EMILIANI 33/A, MERONE 22046', '393 7152254', NULL, NULL, NULL, NULL, NULL, 0, NULL, 'A', NULL),
	('riccardo@vidima.it', NULL, 'Vidima Srl', 'Via per la Poncia 8, Annone di Brianza 23841', '0341201040', NULL, NULL, NULL, NULL, NULL, 0, NULL, 'A', NULL),
	('rigamontienrico@tiscali.it', NULL, 'RIGAMONTI ENRICO', 'VIA GIOVANNI XXIII , DOLZAGO 23843', '0341450341', NULL, NULL, NULL, NULL, NULL, 0, NULL, 'A', NULL),
	('risorseumane.sicurezza@cranchi.it', NULL, 'CANTIERE NAUTICO CRANCHI S.P.A.', 'Via Nazionale 1319, Piantedo 23010', '0342683359', NULL, NULL, NULL, NULL, NULL, 0, NULL, 'A', NULL),
	('RISORSEUMANE@LARIORETI.IT', NULL, 'Lario Reti Holding spa', 'via FIANDRA 13, LECCO 23900', '0341359111', NULL, NULL, NULL, NULL, NULL, 0, NULL, 'A', NULL),
	('risorseumane@varo.it', NULL, 'VARO SRL UNIPERSONALE', 'Via Roma 87, Valmadrera 23868', '0341580164', NULL, NULL, NULL, NULL, NULL, 0, NULL, 'A', NULL),
	('riva.gius@libero.it', NULL, 'ERREGI snc di RIVA GIOSUE\' e C.', 'VIA CASTELLO 1 , COSTAMASNAGA 23845', '335 6569549', NULL, NULL, NULL, NULL, NULL, 0, NULL, 'A', NULL),
	('roberta.castelnuovo@polimi.it', NULL, 'POLITECNICO DI MILANO', 'PIAZZA LEONARDO DA VINCI 32, MILANO 20133', '02 23996939', NULL, NULL, NULL, NULL, NULL, 0, NULL, 'A', NULL),
	('roberto.teruzzi@en-ergo.it', NULL, 'EN-ERGO SRL', 'VIA MAZZINI 1 , BALLABIO 23811', '333 6593168', NULL, NULL, NULL, NULL, NULL, 0, NULL, 'A', NULL),
	('romana.appiani@omfrigerio.it', NULL, 'OFFICINA MECCANICA FRIGERIO SRL', 'VIA RAFFAELLO 6/11 , CESANA BRIANZA 23861', '031658254', NULL, NULL, NULL, NULL, NULL, 0, NULL, 'A', NULL),
	('rosa.carlo@oscaautomazioni.it', NULL, 'OSCA AUTOMAZIONI SRL', 'VIA MORONATA 29 , OLGINATE 23854', '0341 605160', NULL, NULL, NULL, NULL, NULL, 0, NULL, 'A', NULL),
	('rosalinda.sinatra@rodacciai.com', NULL, 'RODACCIAI SPA', 'PIAZZA MEDAGLIE D\'ORO 1, MILANO 20135', '031 878111', NULL, NULL, NULL, NULL, NULL, 0, NULL, 'A', NULL),
	('rosaria.venuto@intergen.it', NULL, 'IML IMPIANTI SRL', 'PIAZZALE CADORNA 6 , MILANO 20123', '039 5914244', NULL, NULL, NULL, NULL, NULL, 0, NULL, 'A', NULL),
	('rosy@missagliaangelo.it', NULL, 'MISSAGLIA ANGELO  DI MISSAGLIA FELICE & SNC', 'VIA VIGNAZZA 3, GALBIATE 23851', '0341540122', NULL, NULL, NULL, NULL, NULL, 0, NULL, 'A', NULL),
	('rudy.benedetti@libero.it', NULL, 'BENEDETTI GEOMETRA RUDY', 'VIA VITTORIO VENETO 7 , INTROBIO 23815', '3485707436', NULL, NULL, NULL, NULL, NULL, 0, NULL, 'A', NULL),
	('s.bianchi@tcommunication.it', NULL, 'T COMMUNICATION SPA', 'VIA GIORDANO BRUNO 15 , MILANO 20154', '02 33669121', NULL, NULL, NULL, NULL, NULL, 0, NULL, 'A', NULL),
	('S.BINDA@MFIGROUP.COM', NULL, 'MARIO FRIGERIO SPA', 'VIA DEL CARROCCIO 8 , MILANO 20123', '031 5488121', NULL, NULL, NULL, NULL, NULL, 0, NULL, 'A', NULL),
	('s.negri@serinex.it', NULL, 'SE.RI.NEX SRL', 'VIA PER MOLTENO 28/1 , OGGIONO 23848', '0341 250055', NULL, NULL, NULL, NULL, NULL, 0, NULL, 'A', NULL),
	('s.picillo@fiocchi.com', NULL, 'FIOCCHI MUNIZIONI s.p.a.', 'VIA SANTA BARBARA 4, LECCO 23900', '0341473258', NULL, NULL, NULL, NULL, NULL, 0, NULL, 'A', NULL),
	('s.t.discottietanzi@virgilio.it', NULL, 'S.T. SRL', 'VIA CADORNA 82/A , CARUGO 22060', '031 749458', NULL, NULL, NULL, NULL, NULL, 0, NULL, 'A', NULL),
	('sabrina.cogo@featgroup.com', NULL, 'FEAT GROUP SPA', 'VIALE MAJNO 31 , MILANO 20100', '031 6591', NULL, NULL, NULL, NULL, NULL, 0, NULL, 'A', NULL),
	('sales@froma.it', NULL, 'FROMA SRL', 'VIA PIEDIMONTE 54 , VALMADRERA 23868', '0341 582405', NULL, NULL, NULL, NULL, NULL, 0, NULL, 'A', NULL),
	('SANDRA.USSI@CALVI.IT', NULL, 'CALVI SPA', 'VIA IV NOVEMBRE 2 , MERATE 23807', '039 99851', NULL, NULL, NULL, NULL, NULL, 0, NULL, 'A', NULL),
	('sara.de.col@gmail.com', NULL, 'ISTITUTO COMPRENSIVO STATALE DI MOLTENO', 'PIAZZA DON BIFFI 1 , MOLTENO 23847', '031 850358', NULL, NULL, NULL, NULL, NULL, 0, NULL, 'A', NULL),
	('sara.pensa@fimimachinery.com', NULL, 'F.I.M.I. SPA', 'VIA DELL\'INDUSTRIA 15 , VIGANO\' 23897', '039 92141', NULL, NULL, NULL, NULL, NULL, 0, NULL, 'A', NULL),
	('scuole.cosp@unimi.it', NULL, 'UNIVERSITA\' DEGLI STUDI DI MILANO', 'VIA FESTA DEL PERDONO 7 , MILANO 20122', '02 50312145', NULL, NULL, NULL, NULL, NULL, 0, NULL, 'A', NULL),
	('scuole@unimib.it', NULL, 'UNIVERSITA\' DEGLI STUDI DI MILANO - BICOCCA', 'PIAZZA DELL\'ATENEO NUOVO 1 , MILANO 20126', '02 64486177', NULL, NULL, NULL, NULL, NULL, 0, NULL, 'A', NULL),
	('sea.motori@tin.it', NULL, 'S.E.A. MOTORI SRL', 'VIA PER DOLZAGO 21 , OGGIONO 23848', '0341 578277', NULL, NULL, NULL, NULL, NULL, 0, NULL, 'A', NULL),
	('segreteria.usplecco@istruzione.it', NULL, 'UFFICIO SCOLASTICO REGIONALE PER LA LOMBARDIA - AM', 'PIAZZA STAZIONE 4, LECCO 23900', '0341296103', NULL, NULL, NULL, NULL, NULL, 0, NULL, 'A', NULL),
	('segreteria@comune.casargo.lc.it', NULL, 'COMUNE DI CASARGO', 'VIA ROMA 1/A, CASARGO 23831', '0341840123', NULL, NULL, NULL, NULL, NULL, 0, NULL, 'A', NULL),
	('segreteria@fbdesign.it', NULL, 'FB DESIGN SRL', 'VIA PROVINCIALE 73, ANNONE BRIANZA 23841', '0341 260105', NULL, NULL, NULL, NULL, NULL, 0, NULL, 'A', NULL),
	('segreteria@ghislanzonigal.it', NULL, 'A.S.D. GHISLANZONI GAL', 'VIA CANTARELLI 7 , LECCO 23900', '0341 362719', NULL, NULL, NULL, NULL, NULL, 0, NULL, 'A', NULL),
	('SEGRETERIA@ITALIANDIPLOMATICACADEMY.ORG', NULL, 'ITALIAN DIPLOMATIC ACADEMY', 'VIA LEONCINO 5 , VERONA 37100', '045 2069755', NULL, NULL, NULL, NULL, NULL, 0, NULL, 'A', NULL),
	('segreteria@METALTHERM.IT', NULL, 'METALTHERM SRL', 'VIA PERTINI 33 , MERATE 23807', '039 99929203', NULL, NULL, NULL, NULL, NULL, 0, NULL, 'A', NULL),
	('segreteria@pelizzaricarsana.net', NULL, 'STEFANO PELIZZARI E ALESSANDRA CARSANA AVV. ASS.', 'VIA F.LLI CAIROLI 60 , LECCO 23900', '0341 353313', NULL, NULL, NULL, NULL, NULL, 0, NULL, 'A', NULL),
	('segreteria@ripetita.it', NULL, 'RIPETITA SRLS', 'VIA G. PREVIATI 19, LECCO 23900', '0341504847', NULL, NULL, NULL, NULL, NULL, 0, NULL, 'A', NULL),
	('segreteriaalde@aldelecco.org', NULL, 'A.L.D.E.', 'VIA ZELIOLI 13 , LECCO 23900', '347 8942222', NULL, NULL, NULL, NULL, NULL, 0, NULL, 'A', NULL),
	('sergio.camo@tiscali.it', NULL, 'GEOM CAMOZZINI SERGIO', 'VIA MILANO 48 , BARZIO 23816', '0341910143', NULL, NULL, NULL, NULL, NULL, 0, NULL, 'A', NULL),
	('sergio.colombo@anghilericolombo.it', NULL, 'AVV. SERGIO COLOMBO', 'VIA CARLO CATTANEO 7 , LECCO 23900', '0341 285574', NULL, NULL, NULL, NULL, NULL, 0, NULL, 'A', NULL),
	('servizicivici@comune.valmadrera.lc.it', NULL, 'COMUNE DI VALMADRERA', 'VIA ROMA 31 , VALMADRERA 23868', '0341 205236', NULL, NULL, NULL, NULL, NULL, 0, NULL, 'A', NULL),
	('silvana.casanova@trafilerialecchese.it', NULL, 'TRAFILERIA LECCHESE SRL', 'VIA CARLO CATTANEO 62, LECCO 23900', '0341652022', NULL, NULL, NULL, NULL, NULL, 0, NULL, 'A', NULL),
	('silvia.anghileri@centrolariano.it', NULL, 'ANGHILERI F.LLI SRL', 'VIA PER LA PONCIA 2, ANNONE DI BRIANZA 23841', '0341578711', NULL, NULL, NULL, NULL, NULL, 0, NULL, 'A', NULL),
	('silvia.castagna@gbm.it', NULL, 'GBM S.R.L.', 'Via Vittor Pisani 12/a, Milano 20124', '031850066', NULL, NULL, NULL, NULL, NULL, 0, NULL, 'A', NULL),
	('silvio@creeostudio.it', NULL, 'CREEO STUDIO SRL', 'PIAZZA MANZONI 23 , LECCO 23900', '0341 249826', NULL, NULL, NULL, NULL, NULL, 0, NULL, 'A', NULL),
	('simona_guaglio@praxair.com', NULL, 'PRAXAIR SRL', 'VIA BENIGNO CRESPI 19 , MILANO 20159', '0341 601111', NULL, NULL, NULL, NULL, NULL, 0, NULL, 'A', NULL),
	('simone.iaconis@minidev.it', NULL, 'Minidev di Simone Iaconis', 'Via Bergamo 1775, Pontida 24030', '3459339825', NULL, NULL, NULL, NULL, NULL, 0, NULL, 'A', NULL),
	('Sinn.Oliver@elbe.elbe-group.de', NULL, 'G. ELBE & SOHN GMBH & CO.', 'GEROKSTRASSE 100 , BIETIGHEIM - BISSINGEN 74321', '0049 71423530', NULL, NULL, NULL, NULL, NULL, 0, NULL, 'A', NULL),
	('sistecav@tin.it', NULL, 'SISTEMI TECNOLOGIE AVANZATE', 'VIA MAZZINI 66 , CALOLZIOCORTE 23801', '0341 643542', NULL, NULL, NULL, NULL, NULL, 0, NULL, 'A', NULL),
	('spreafico.elet@tiscalinet.it', NULL, 'SPREAFICO ALESSANDRO DI SPREAFICO SAVERIO', 'PIAZZA SAN LORENZO 3 , BALLABIO 23811', '3392594850', NULL, NULL, NULL, NULL, NULL, 0, NULL, 'A', NULL),
	('spreafico.oliver@tiscali.it', NULL, 'O.ESSE ELETTRICA', 'VIA SPLUGA, 3 , COLLE BRIANZA 23886', '039 9260139', NULL, NULL, NULL, NULL, NULL, 0, NULL, 'A', NULL),
	('SROMPANI@ROMPANI.IT', NULL, 'ROMPANI SRL', 'VIA NAZIONALE 145 , ABBADIA LARIANA 23821', '0341 731614', NULL, NULL, NULL, NULL, NULL, 0, NULL, 'A', NULL),
	('stage.formazione.bosisio@lanostrafamiglia.it', NULL, 'ASSOCIAZIONE “La Nostra Famiglia” – IRCCS “E. MEDE', 'VIA DON LUIGI MONZA  1 1, PONTE LAMBRO 22037', '031877111-031877950', NULL, NULL, NULL, NULL, NULL, 0, NULL, 'A', NULL),
	('stage.matematica@uninsubria.it', NULL, 'UNIVERSITA\' DEGLI STUDI DELL\'INSUBRIA', 'VIA RAVASI 2, VARESE 21100', '031 238 6378', NULL, NULL, NULL, NULL, NULL, 0, NULL, 'A', NULL),
	('ste@stesrl.it', NULL, 'S.T.E. SRL', 'VIA CAVOUR 66 , USMATE VELATE 20865', '039 6829450', NULL, NULL, NULL, NULL, NULL, 0, NULL, 'A', NULL),
	('stefano.magni@maggigroup.com', NULL, 'MAGGI GROUP SPA', 'VIA MILANO 2/4 , OLGINATE 23854', '0341 605235', NULL, NULL, NULL, NULL, NULL, 0, NULL, 'A', NULL),
	('str.5@mandellolario.it', NULL, 'COMUNE DI MANDELLO DEL LARIO', 'PIAZZA LEONARDO DA VINCI 6, MANDELLO DEL LARIO 238', '0341708214', NULL, NULL, NULL, NULL, NULL, 0, NULL, 'A', NULL),
	('studio.delloro@gmail.com', NULL, 'STUDIO DELL\'ORO ARCHITETTURA', 'VIA MASCARI 32 , LECCO 23900', '0341362200', NULL, NULL, NULL, NULL, NULL, 0, NULL, 'A', NULL),
	('studio.dozio1@libero.it', NULL, 'STUDIO TECNICO DOZIO', 'VIA TRENTO 10 , CALOLZIOCORTE 238801', '0341 320990', NULL, NULL, NULL, NULL, NULL, 0, NULL, 'A', NULL),
	('studio.filice@virgilio.it', NULL, 'ING. CAMILLO LUCIO FELICE', 'VIA MACON 30 , LECCO 23900', '0341362692', NULL, NULL, NULL, NULL, NULL, 0, NULL, 'A', NULL),
	('studio51.info@gmail.it', NULL, 'STUDIO TECNICO ASSOCIATO GEOMETRI AGOSTONI E GUZZE', 'VIA MENTANA 51 , LECCO 23900', '0341282722', NULL, NULL, NULL, NULL, NULL, 0, NULL, 'A', NULL),
	('studio@paolobodega.com', NULL, 'PAOLO BODEGA STUDIO DI ARCHITETTURA', 'CORSO MATTEOTTI 83 , LECCO 23900', '0341360487', NULL, NULL, NULL, NULL, NULL, 0, NULL, 'A', NULL),
	('studio@spazio3e.it', NULL, 'TREZZI CLAUDIO', 'VIA MASSIMO D\'AZEGLIO 19 , LECCO 23900', '0341716082', NULL, NULL, NULL, NULL, NULL, 0, NULL, 'A', NULL),
	('studio@studiomelesi.com', NULL, 'GIORGIO MELESI ARCHITETTO', 'SAGRATO DON ABBONDIO 12 , LECCO 23900', '0341251051', NULL, NULL, NULL, NULL, NULL, 0, NULL, 'A', NULL),
	('studioassociatoartusi@gmail.com', NULL, 'GEOMETRA EZIO ARTUSI', 'PIAZZA CAVOUR 18 , INTROBIO 23815', '0341980345', NULL, NULL, NULL, NULL, NULL, 0, NULL, 'A', NULL),
	('studiocrippa@yahoo.it', NULL, 'STUDIO TECNICO CRIPPA GEOM. GIORDANO', 'VIA CERVINO 10 , LA VALLETTA BRIANZA 23888', '0395310113', NULL, NULL, NULL, NULL, NULL, 0, NULL, 'A', NULL),
	('studiogeoplanet@libero.it', NULL, 'STUDIO ASSOCIATO GEOPLANET', 'VIA OLGIASCA 8 , COLICO 23823', '0341 931962', NULL, NULL, NULL, NULL, NULL, 0, NULL, 'A', NULL),
	('studioingcalvi@tiscali.it', NULL, 'STUDIO CALVI SRL', 'VIA BESONDA INFERIORE 3, LECCO 23900', '0341 360886', NULL, NULL, NULL, NULL, NULL, 0, NULL, 'A', NULL),
	('studioinvernizzim@gmail.com', NULL, 'ARCHITETTO INVERNIZZI MASSIMILIANO', 'VIA PER CONCENEDO 10 , MOGGIO 23817', '0341910415', NULL, NULL, NULL, NULL, NULL, 0, NULL, 'A', NULL),
	('studiolosavalsecchi@hotmail.it', NULL, 'STUDIO TECNICO ASSOCIATO LOSA E VALSECCHI', 'PIAZZA VITTORIO VENETO 5 , CALOLZIOCORTE 23801', '0341631544', NULL, NULL, NULL, NULL, NULL, 0, NULL, 'A', NULL),
	('studiomandelli@libero.it', NULL, 'Studio di architettura DOTT ARCH STEFANO MANDELLI', 'via dell\'Armonia, 1, Lecco 23900', '0341287823', NULL, NULL, NULL, NULL, NULL, 0, NULL, 'A', NULL),
	('studio_mazzoleni@libero.it', NULL, 'MAZZOLENI INGEGNER LORENZO', 'VIA AIRUNO 15 , BRIVIO 23883', '0399322319', NULL, NULL, NULL, NULL, NULL, 0, NULL, 'A', NULL),
	('susanna.bianconi@piuarch.it', NULL, 'PIUARCH SRL', 'VIA PALERMO 1 , MILANO 20121', '02 89096130', NULL, NULL, NULL, NULL, NULL, 0, NULL, 'A', NULL),
	('tacchinisrl@gmail.com', NULL, 'Tacchini F.lli S.r.l. società unipersonale a respo', 'Via Fornaci 7, Valbrona 22039', '3394780901', NULL, NULL, NULL, NULL, NULL, 0, NULL, 'A', NULL),
	('tamara.locatelli@cnr.it', NULL, 'CNR - ICMATE', 'VIA PREVIATI 1/E, LECCO 23900', 'N/A', NULL, NULL, NULL, NULL, NULL, 0, NULL, 'A', NULL),
	('tecnico@rivariduttori.it', NULL, 'F.LLI RIVA RIDUTTORI SRL', 'VIA BORROMEO 4 , LECCO 23900', '0341 367029', NULL, NULL, NULL, NULL, NULL, 0, NULL, 'A', NULL),
	('tecnico@vibroservice.it', NULL, 'VIBROSERVICE SRL', 'VIA XXV APRILE 12 , OLGINATE 23854', '0341 604102', NULL, NULL, NULL, NULL, NULL, 0, NULL, 'A', NULL),
	('tekne@pec.tekne.lc.it', NULL, 'TEKNE SRL', 'VIA MAZZINI 41 , PUSIANO 22030', '031 657882', NULL, NULL, NULL, NULL, NULL, 0, NULL, 'A', NULL),
	('tentori@fastwebnet.it', NULL, 'TENTORI GIUSEPPE SRL', 'VIA PONTE ALIMASCO 2 , LECCO 23900', '0341 362438', NULL, NULL, NULL, NULL, NULL, 0, NULL, 'A', NULL),
	('tentorio.ernesto@tiscali.t', NULL, 'TENTORIO ERNESTO & C. SNC', 'VIA XXV APRILE 5 , ELLO 23848', '0341 260496', NULL, NULL, NULL, NULL, NULL, 0, NULL, 'A', NULL),
	('teodoro.mainetti@atieuno.com', NULL, 'A.T.I.E. UNO INFORMATICA SRL', 'VIA MACON 30, LECCO 23900', '0341210444', NULL, NULL, NULL, NULL, NULL, 0, NULL, 'A', NULL),
	('titibi@titibi.com', NULL, 'TRAFILERIE CHIODERIE TORRE DE BUSI SAS', 'VIA SONNA 10 , TORRE DE BUSI 23806', '035 785050', NULL, NULL, NULL, NULL, NULL, 0, NULL, 'A', NULL),
	('tiziana.fumagalli@rosval.it', NULL, 'ROSVAL   SRL', 'VIA  CADORNA 53, NIBIONNO 23895', '031  690554', NULL, NULL, NULL, NULL, NULL, 0, NULL, 'A', NULL),
	('tizianamontanari@grices.it', NULL, 'GRICES HYDRAULIC CYLINDERS S.R.L.', 'VIA POSTALE VECCHIA 111, VALGREGHENTINO 23857', '0341660290', NULL, NULL, NULL, NULL, NULL, 0, NULL, 'A', NULL),
	('tomaso.invernizzi@libero.it', NULL, 'ING. TOMMASO INVERNIZZI', 'VIA D.ALIGHIERI 1 , PRIMALUNA 23819', '0341901418', NULL, NULL, NULL, NULL, NULL, 0, NULL, 'A', NULL),
	('torneriagaddi@gmail.com', NULL, 'Officina Meccanica Torneria CNC Gaddi Sergio', 'Via Rogola 14, Mandello del Lario 23826', '0341 735235', NULL, NULL, NULL, NULL, NULL, 0, NULL, 'A', NULL),
	('torriluigi65@gmail.com', NULL, 'LT AUTOMAZIONE & IMPIANTI SAS DI TORRI LUIGI', 'VIA G. CARLE 6, CISANO BERGAMASCO 24034', '035 4381252', NULL, NULL, NULL, NULL, NULL, 0, NULL, 'A', NULL),
	('transvideosound@libero.it', NULL, 'TRANS VIDEO SOUND SRL', 'VIA SPLUGA 37 , OLGINATE 23854', '0341 682881', NULL, NULL, NULL, NULL, NULL, 0, NULL, 'A', NULL),
	('trevallisnc@libero.it', NULL, 'TRE VALLI SNC DI MAURO E GIUSTO GIANOLA', 'VIA ROMA 59 , PREMANA 23834', '0341 819161', NULL, NULL, NULL, NULL, NULL, 0, NULL, 'A', NULL),
	('tributi@comune.lierna.lc.it', NULL, 'COMUNE DI LIERNA', 'VIA PARODI 33 , LIERNA 23827', '0341 740108', NULL, NULL, NULL, NULL, NULL, 0, NULL, 'A', NULL),
	('tributi@comune.pescate.lc.it', NULL, 'COMUNE DI PESCATE', 'VIA GIOVANNI XXIII 8 , PESCATE 23855', '0341 365169', NULL, NULL, NULL, NULL, NULL, 0, NULL, 'A', NULL),
	('ubertima@tin.it', NULL, 'UBERTI MARIO ARCHITETTO', 'LOC GALERA 3 , CORTENOVA 23813', '0341901418', NULL, NULL, NULL, NULL, NULL, 0, NULL, 'A', NULL),
	('ufficio.personale@melesi.it', NULL, 'OFFICINE AMBROGIO MELESI & C. SRL', 'LARGO DE VECCHI 11, CORTENOVA 23813', '034198341', NULL, NULL, NULL, NULL, NULL, 0, NULL, 'A', NULL),
	('ufficio@gilardoni.com', NULL, 'GILARDONI FLAVIO SRL', 'VIA S. MARTINO 19, ABBADIA LARIANA 23821', '0341 731694', NULL, NULL, NULL, NULL, NULL, 0, NULL, 'A', NULL),
	('ufficio@luzzanarestaurisrl.it', NULL, 'LUZZANA RESTAURI SRL', 'VIA STRETTA 8 , CIVATE 23862', '0341 551360', NULL, NULL, NULL, NULL, NULL, 0, NULL, 'A', NULL),
	('uilm.lecco@gmail.com', NULL, 'UILM LARIO', 'CORSO MARTIRI DELLA LIBERTA\' 152/e , LECCO 23900', '0341 282681', NULL, NULL, NULL, NULL, NULL, 0, NULL, 'A', NULL),
	('v.polesello@p-cautomotive.it', NULL, 'CATRA SPA', 'VIA 1° MAGGIO 18 , MISSAGLIA 23873', '039 9240255', NULL, NULL, NULL, NULL, NULL, 0, NULL, 'A', NULL),
	('valentina.mapelli@agrati.com', NULL, 'TOKBO SRL', 'VIA PIAVE 28/30, VEDUGGIO CON COLZANO 20837', '03629801', NULL, NULL, NULL, NULL, NULL, 0, NULL, 'A', NULL),
	('valentina.occa@gmail.com', NULL, 'DR.SSA VALENTINA OCCA', 'VIA MARTELLI 9 , LECCO 23900', '0341 422454', NULL, NULL, NULL, NULL, NULL, 0, NULL, 'A', NULL),
	('valeria.fumagalli@sepam.lecco.it', NULL, 'SEPAM SRL', 'VIA SAIDENO 4, GALBIATE 23851', '0341 250092', NULL, NULL, NULL, NULL, NULL, 0, NULL, 'A', NULL),
	('vb@ingbuizza.it', NULL, 'BUIZZA ING. VINCENZO', 'C.SO MARTIRI 6 , LECCO 23900', '0341363915', NULL, NULL, NULL, NULL, NULL, 0, NULL, 'A', NULL),
	('vendite@addaondulati.com', NULL, 'ADDA ONDULATI SPA', 'VIA REPUBBLICA 6 , ANNONE BRIANZA 23811', '0341 266211', NULL, NULL, NULL, NULL, NULL, 0, NULL, 'A', NULL),
	('venturinod@alice.it', NULL, 'CARROZZERIA DA ZORRO di Venturini Domenico', 'VIA ROGOLA , MANDELLO DEL LARIO 23826', '0341 700667', NULL, NULL, NULL, NULL, NULL, 0, NULL, 'A', NULL),
	('vercurago@comune.vercurago.lc.it', NULL, 'COMUNE DI VERCURAGO', 'VIA ROMA 61 , VERCURAGO 23808', '0341420525', NULL, NULL, NULL, NULL, NULL, 0, NULL, 'A', NULL),
	('vergottini.francesco@libero.it', NULL, 'VERGOTTINI FRANCESCO', 'VIA AL CA\' 18/A , BELLANO 23822', '333 6650675', NULL, NULL, NULL, NULL, NULL, 0, NULL, 'A', NULL),
	('verkoop@ftc.be', NULL, 'FTC computers', 'Van Halmaelelei 22 ,   Brasschaat 2930', '0032 3 645 49 40', NULL, NULL, NULL, NULL, NULL, 0, NULL, 'A', NULL),
	('veronica.colombo@lariodies.it', NULL, 'LARIODIES SRL', 'VIA RAFFAELLO 4, LECCO 23900', '0341 368037', NULL, NULL, NULL, NULL, NULL, 0, NULL, 'A', NULL),
	('vicepresidenza@icalolzio.net', NULL, 'ISTITUTO COMPRENSIVO STATALE CALOLZIOCORTE', 'VIA NULLO 6 , CALOLZIOCORTE 23801', '0341 642405', NULL, NULL, NULL, NULL, NULL, 0, NULL, 'A', NULL),
	('Viglienghi@viglienghi.com', NULL, 'VIGLIENGHI SRL', 'Via dell\'artigianato 3, Esino Lario 23825', '0341860260', NULL, NULL, NULL, NULL, NULL, 0, NULL, 'A', NULL),
	('villa@sferova.com', NULL, 'SFEROVA SRL', 'VIA DELLE INDUSTRIE 32 , SULBIATE 20884', '039 6079599', NULL, NULL, NULL, NULL, NULL, 0, NULL, 'A', NULL),
	('vincenzo.carozzi@virgilio.it', NULL, 'F.LLI CAROZZI SNC', 'VIA COMO 102 , BRIVIO 23883', '039 5320730', NULL, NULL, NULL, NULL, NULL, 0, NULL, 'A', NULL),
	('viti@viti.it', NULL, 'VITI SRL', 'CORSO PROMESSI SPOSI 27/M , LECCO 23900', '0341 494406', NULL, NULL, NULL, NULL, NULL, 0, NULL, 'A', NULL),
	('viviana.rossi@todema.it', NULL, 'TODESCHINI MARIO SRL', 'Via Leonardo Da VInci 10, Lecco 23900', '031655870', NULL, NULL, NULL, NULL, NULL, 0, NULL, 'A', NULL),
	('vivianasabadini@digitecinnovation.com', NULL, 'DIGITEC SRL', 'VIA CADUTI LECCHESI A FOSSOLI 17, LECCO 23900', '0341 364617', NULL, NULL, NULL, NULL, NULL, 0, NULL, 'A', NULL),
	('w.s.clima@libero.it', NULL, 'WS CLIMA DI SANGALLI WALTER', 'VIA G. FALCONE 8 , BALLABIO 23811', '0341230301', NULL, NULL, NULL, NULL, NULL, 0, NULL, 'A', NULL),
	('walter.verratti@elemaster.com', NULL, 'ELEMASTER SPA', 'VIA GARCIA LORCA 29 , LOMAGNA 23871', '039 999121', NULL, NULL, NULL, NULL, NULL, 0, NULL, 'A', NULL),
	('www.cosmocollege.eu', NULL, 'COSMOCOLLEGE V.Z.W.', 'SPILLEMANSSTRAAT 10 , ANTWERP 2140', '032359720', NULL, NULL, NULL, NULL, NULL, 0, NULL, 'A', NULL),
	('yves.loosen@foehrenbach.be', NULL, 'FOHRENBACH', 'Krijgsbaan 128 ,   Mortsel (Antwerp) 2640', '+32 (0)15 75 36 13', NULL, NULL, NULL, NULL, NULL, 0, NULL, 'A', NULL);

-- Dump della struttura di tabella network.competenza
DROP TABLE IF EXISTS `competenza`;
CREATE TABLE IF NOT EXISTS `competenza` (
  `idcompetenza` int(11) NOT NULL AUTO_INCREMENT,
  `descrizione` varchar(256) NOT NULL DEFAULT '0',
  PRIMARY KEY (`idcompetenza`)
) ENGINE=InnoDB AUTO_INCREMENT=40 DEFAULT CHARSET=latin1 COLLATE=latin1_swedish_ci;

-- Dump dei dati della tabella network.competenza: ~39 rows (circa)
INSERT INTO `competenza` (`idcompetenza`, `descrizione`) VALUES
	(1, 'Java'),
	(2, 'JavaFX'),
	(3, 'JavaScript'),
	(4, 'Python'),
	(5, 'C'),
	(6, 'C++'),
	(7, 'C#'),
	(8, 'MongoDB'),
	(9, 'SceneBuilder'),
	(10, 'HTML'),
	(11, 'Packet Tracer'),
	(12, 'Cisco'),
	(13, 'CAD'),
	(14, 'CSS'),
	(15, 'Sistemi'),
	(16, 'Arduino'),
	(17, 'PHP'),
	(18, 'DataBase'),
	(19, 'Labview'),
	(20, 'Impianti civili e industriali'),
	(21, 'Excel'),
	(22, 'FlowGorithm'),
	(23, 'Circuiti'),
	(24, 'Sicurezza'),
	(25, 'Assembly'),
	(26, 'React'),
	(27, 'Angular'),
	(28, 'Go'),
	(29, 'Gimp'),
	(30, 'Cyber Security'),
	(31, 'Tornio'),
	(32, 'Fresa'),
	(33, 'Word'),
	(34, 'Multisim'),
	(35, 'PowerPoint'),
	(36, 'Latex'),
	(37, 'Cablaggio'),
	(38, 'Plc'),
	(39, 'Sensori');

-- Dump della struttura di tabella network.competenzastudente
DROP TABLE IF EXISTS `competenzastudente`;
CREATE TABLE IF NOT EXISTS `competenzastudente` (
  `id` int(11) NOT NULL AUTO_INCREMENT,
  `email` varchar(100) DEFAULT NULL,
  `idcompetenza` int(11) DEFAULT NULL,
  `idlivello` varchar(10) DEFAULT NULL,
  PRIMARY KEY (`id`),
  KEY `FK_competenzestudenti_livellocompetenze` (`idlivello`),
  KEY `FK_competenzestudenti_competenze` (`idcompetenza`),
  KEY `FK_competenzestudenti_studente` (`email`),
  CONSTRAINT `FK_competenzestudenti_competenze` FOREIGN KEY (`idcompetenza`) REFERENCES `competenza` (`idcompetenza`) ON DELETE NO ACTION ON UPDATE NO ACTION,
  CONSTRAINT `FK_competenzestudenti_livellocompetenze` FOREIGN KEY (`idlivello`) REFERENCES `livellocompetenza` (`idlivello`) ON DELETE NO ACTION ON UPDATE NO ACTION,
  CONSTRAINT `FK_competenzestudenti_studente` FOREIGN KEY (`email`) REFERENCES `studente` (`email`) ON DELETE NO ACTION ON UPDATE NO ACTION
) ENGINE=InnoDB AUTO_INCREMENT=9 DEFAULT CHARSET=latin1 COLLATE=latin1_swedish_ci;

-- Dump dei dati della tabella network.competenzastudente: ~6 rows (circa)
INSERT INTO `competenzastudente` (`id`, `email`, `idcompetenza`, `idlivello`) VALUES
	(3, 'po@iisbadoni.edu.it', 1, 'A'),
	(4, 'po@iisbadoni.edu.it', 2, 'B'),
	(5, 'po@iisbadoni.edu.it', 1, 'A'),
	(6, 'po@iisbadoni.edu.it', 2, 'B'),
	(7, 'po@iisbadoni.edu.it', 1, 'A'),
	(8, 'po@iisbadoni.edu.it', 2, 'B');

-- Dump della struttura di tabella network.contatto
DROP TABLE IF EXISTS `contatto`;
CREATE TABLE IF NOT EXISTS `contatto` (
  `idcontatto` int(11) NOT NULL AUTO_INCREMENT,
  `emailstudente` varchar(50) DEFAULT NULL,
  `emailazienda` varchar(50) DEFAULT NULL,
  `tipo` enum('AS','SA') DEFAULT 'AS' COMMENT 'AS azienda contatta studente; SA Studente contatta azienda',
  `dataora` timestamp NULL DEFAULT NULL,
  `visualizzato` enum('Y','N') DEFAULT NULL,
  `messaggio` varchar(512) DEFAULT NULL,
  PRIMARY KEY (`idcontatto`),
  KEY `FK_contatti_studente` (`emailstudente`),
  KEY `FK_contatti_azienda` (`emailazienda`),
  CONSTRAINT `FK_contatti_azienda` FOREIGN KEY (`emailazienda`) REFERENCES `aziendaa` (`email`) ON DELETE NO ACTION ON UPDATE NO ACTION,
  CONSTRAINT `FK_contatti_studente` FOREIGN KEY (`emailstudente`) REFERENCES `studente` (`email`) ON DELETE NO ACTION ON UPDATE NO ACTION
) ENGINE=InnoDB AUTO_INCREMENT=8 DEFAULT CHARSET=latin1 COLLATE=latin1_swedish_ci;

-- Dump dei dati della tabella network.contatto: ~0 rows (circa)
INSERT INTO `contatto` (`idcontatto`, `emailstudente`, `emailazienda`, `tipo`, `dataora`, `visualizzato`, `messaggio`) VALUES
	(7, 'po@iisbadoni.edu.it', 'b@b', 'AS', '2023-06-10 12:30:00', 'N', 'Ciao ti va di lavorare per me');

-- Dump della struttura di tabella network.lingua
DROP TABLE IF EXISTS `lingua`;
CREATE TABLE IF NOT EXISTS `lingua` (
  `idlingua` int(11) NOT NULL AUTO_INCREMENT,
  `descrizione` varchar(256) NOT NULL DEFAULT '0',
  PRIMARY KEY (`idlingua`)
) ENGINE=InnoDB AUTO_INCREMENT=10 DEFAULT CHARSET=latin1 COLLATE=latin1_swedish_ci;

-- Dump dei dati della tabella network.lingua: ~9 rows (circa)
INSERT INTO `lingua` (`idlingua`, `descrizione`) VALUES
	(1, 'Inglese'),
	(2, 'Francese'),
	(3, 'Tedesco'),
	(4, 'Spagnolo'),
	(5, 'Portoghese'),
	(6, 'Giapponese'),
	(7, 'Cinese'),
	(8, 'Arabo'),
	(9, 'Serbo');

-- Dump della struttura di tabella network.linguastudente
DROP TABLE IF EXISTS `linguastudente`;
CREATE TABLE IF NOT EXISTS `linguastudente` (
  `id` int(11) NOT NULL AUTO_INCREMENT,
  `idlingua` int(11) DEFAULT NULL,
  `username` varchar(100) DEFAULT NULL,
  `idlivello` varchar(10) DEFAULT NULL,
  PRIMARY KEY (`id`),
  KEY `FK_linguestudenti_lingue` (`idlingua`),
  KEY `FK_linguestudenti_studente` (`username`),
  KEY `FK_linguestudenti_livellocompetenze` (`idlivello`),
  CONSTRAINT `FK_linguestudenti_lingue` FOREIGN KEY (`idlingua`) REFERENCES `lingua` (`idlingua`) ON DELETE NO ACTION ON UPDATE NO ACTION,
  CONSTRAINT `FK_linguestudenti_livellocompetenze` FOREIGN KEY (`idlivello`) REFERENCES `livellocompetenza` (`idlivello`) ON DELETE NO ACTION ON UPDATE NO ACTION,
  CONSTRAINT `FK_linguestudenti_studente` FOREIGN KEY (`username`) REFERENCES `studente` (`email`) ON DELETE NO ACTION ON UPDATE NO ACTION
) ENGINE=InnoDB AUTO_INCREMENT=7 DEFAULT CHARSET=latin1 COLLATE=latin1_swedish_ci;

-- Dump dei dati della tabella network.linguastudente: ~4 rows (circa)
INSERT INTO `linguastudente` (`id`, `idlingua`, `username`, `idlivello`) VALUES
	(3, 1, 'po@iisbadoni.edu.it', 'A'),
	(4, 2, 'po@iisbadoni.edu.it', 'B'),
	(5, 1, 'po@iisbadoni.edu.it', 'A'),
	(6, 2, 'po@iisbadoni.edu.it', 'B');

-- Dump della struttura di tabella network.livellocompetenza
DROP TABLE IF EXISTS `livellocompetenza`;
CREATE TABLE IF NOT EXISTS `livellocompetenza` (
  `idlivello` varchar(10) NOT NULL,
  `descrizione` varchar(50) DEFAULT NULL,
  PRIMARY KEY (`idlivello`)
) ENGINE=InnoDB DEFAULT CHARSET=latin1 COLLATE=latin1_swedish_ci;

-- Dump dei dati della tabella network.livellocompetenza: ~3 rows (circa)
INSERT INTO `livellocompetenza` (`idlivello`, `descrizione`) VALUES
	('A', 'Avanzato'),
	('B', 'Base'),
	('I', 'Intermedio');

-- Dump della struttura di tabella network.studente
DROP TABLE IF EXISTS `studente`;
CREATE TABLE IF NOT EXISTS `studente` (
  `email` varchar(100) NOT NULL,
  `emailpersonale` varchar(255) DEFAULT NULL,
  `password` varchar(256) DEFAULT NULL,
  `cognome` varchar(100) DEFAULT NULL,
  `nome` varchar(100) DEFAULT NULL,
  `pronomi` enum('he_him','she_her','they_them','altro') DEFAULT NULL,
  `telefono` varchar(50) DEFAULT NULL,
  `indirizzo` varchar(200) DEFAULT NULL,
  `citta` varchar(50) DEFAULT NULL,
  `cap` int(11) DEFAULT NULL,
  `datanascita` date DEFAULT NULL,
  `disponibile` enum('Y','N','P') DEFAULT 'Y' COMMENT 'P=Pausa - Utenti non contattabili ora',
  `curriculum` varchar(100) DEFAULT NULL,
  `dataregistrazione` datetime DEFAULT NULL,
  `ultimoaccesso` datetime DEFAULT NULL,
  `idarticolazione` varchar(50) DEFAULT NULL,
  `note` longtext DEFAULT NULL,
  `ruolo` varchar(50) DEFAULT 'USER',
  PRIMARY KEY (`email`),
  KEY `FK_studente_articolazione` (`idarticolazione`),
  CONSTRAINT `FK_studente_articolazione` FOREIGN KEY (`idarticolazione`) REFERENCES `articolazione` (`idarticolazione`) ON DELETE NO ACTION ON UPDATE NO ACTION
) ENGINE=InnoDB DEFAULT CHARSET=latin1 COLLATE=latin1_swedish_ci;

-- Dump dei dati della tabella network.studente: ~2 rows (circa)
INSERT INTO `studente` (`email`, `emailpersonale`, `password`, `cognome`, `nome`, `pronomi`, `telefono`, `indirizzo`, `citta`, `cap`, `datanascita`, `disponibile`, `curriculum`, `dataregistrazione`, `ultimoaccesso`, `idarticolazione`, `note`, `ruolo`) VALUES
	('po@iisbadoni.edu.it', NULL, '{bcrypt}$2a$10$GMAiI.0k.SeVyJ29bwSyNOXPWudUFFjnucLH0srAv733NWro/RnQm', ' A', 'A', NULL, NULL, NULL, NULL, NULL, NULL, NULL, NULL, NULL, NULL, NULL, NULL, 'USER'),
	('srmndr06p13e507g@iisbadoni.edu.it', NULL, '{bcrypt}$2a$10$bqnyIgrFVUEUi0rG38y3wO/NVQVHIov7CrDUsPU9UYpaErTo0I4FC', 'Sormani', 'Andrea', 'he_him', '3342260991', 'Via Valassina 140, 22021 Bellagio', NULL, NULL, '2000-06-08', 'Y', NULL, '2024-06-14 13:31:21', '2024-06-14 13:31:21', NULL, NULL, 'USER');

-- Dump della struttura di tabella network.verificaemail_studente
DROP TABLE IF EXISTS `verificaemail_studente`;
CREATE TABLE IF NOT EXISTS `verificaemail_studente` (
  `email` varchar(100) NOT NULL,
  `codice` varchar(6) DEFAULT NULL,
  `verificato` enum('Y','N') DEFAULT 'N',
  PRIMARY KEY (`email`)
) ENGINE=InnoDB DEFAULT CHARSET=latin1 COLLATE=latin1_swedish_ci;

-- Dump dei dati della tabella network.verificaemail_studente: ~1 rows (circa)
INSERT INTO `verificaemail_studente` (`email`, `codice`, `verificato`) VALUES
	('srmndr06p13e507g@iisbadoni.edu.it', '634907', 'N');

/*!40103 SET TIME_ZONE=IFNULL(@OLD_TIME_ZONE, 'system') */;
/*!40101 SET SQL_MODE=IFNULL(@OLD_SQL_MODE, '') */;
/*!40014 SET FOREIGN_KEY_CHECKS=IFNULL(@OLD_FOREIGN_KEY_CHECKS, 1) */;
/*!40101 SET CHARACTER_SET_CLIENT=@OLD_CHARACTER_SET_CLIENT */;
/*!40111 SET SQL_NOTES=IFNULL(@OLD_SQL_NOTES, 1) */;
